2025-08-12 04:19:42,431 - __main__ - INFO - Creating video task - video_type: durov, script_length: 18
2025-08-12 04:19:42,435 - __main__ - INFO - Generated task_id: 9c9063ec-d4e1-458c-aaf6-e760592ed60a
2025-08-12 04:19:42,435 - __main__ - INFO - Created video task: 9c9063ec-d4e1-458c-aaf6-e760592ed60a
2025-08-12 04:19:42,435 - __main__ - INFO - Started background video generation for task: 9c9063ec-d4e1-458c-aaf6-e760592ed60a
2025-08-12 04:19:42,436 - __main__ - INFO - Starting video generation for task: 9c9063ec-d4e1-458c-aaf6-e760592ed60a
2025-08-12 04:19:42,436 - __main__ - INFO - Task details - video_type: durov, script_length: 18
2025-08-12 04:19:42,436 - __main__ - INFO - Looking for video file: videos/durov.mov
2025-08-12 04:19:42,436 - __main__ - INFO - Video file found: videos/durov.mov
2025-08-12 04:19:42,437 - __main__ - INFO - Generating audio from text for task: 9c9063ec-d4e1-458c-aaf6-e760592ed60a
2025-08-12 04:19:42,437 - __main__ - INFO - Generating audio from text, length: 18
2025-08-12 04:19:42,675 - __main__ - INFO - Creating gTTS object for Russian language
2025-08-12 04:19:42,675 - __main__ - INFO - Converting text to audio bytes
2025-08-12 04:19:43,341 - __main__ - INFO - Audio generation successful, size: 15168 bytes
2025-08-12 04:19:43,342 - __main__ - INFO - Audio generated successfully for task: 9c9063ec-d4e1-458c-aaf6-e760592ed60a, size: 15168 bytes
2025-08-12 04:19:43,342 - __main__ - INFO - Saving audio to temporary file: /tmp/audio_9c9063ec-d4e1-458c-aaf6-e760592ed60a.wav
2025-08-12 04:19:43,343 - __main__ - INFO - Uploading video file to Sync.so: videos/durov.mov
2025-08-12 04:19:43,343 - __main__ - INFO - Uploading file to Sync.so: videos/durov.mov
2025-08-12 04:19:43,349 - __main__ - INFO - Making upload request to Sync.so API
2025-08-12 04:19:43,353 - __main__ - INFO - Status request for task: 9c9063ec-d4e1-458c-aaf6-e760592ed60a
2025-08-12 04:19:43,353 - __main__ - INFO - Task 9c9063ec-d4e1-458c-aaf6-e760592ed60a current status: processing
2025-08-12 04:20:09,551 - httpx - INFO - HTTP Request: POST https://api.sync.so/v1/assets/upload "HTTP/1.1 404 Not Found"
2025-08-12 04:20:09,554 - __main__ - ERROR - Upload failed: 404 - {"message":"Cannot POST /v1/assets/upload","error":"Not Found","statusCode":404}
2025-08-12 04:20:09,555 - __main__ - ERROR - Task 9c9063ec-d4e1-458c-aaf6-e760592ed60a: Failed to upload video to Sync.so
2025-08-12 04:20:09,556 - __main__ - INFO - Cleaning up temporary files for task: 9c9063ec-d4e1-458c-aaf6-e760592ed60a
2025-08-12 04:20:09,556 - __main__ - INFO - Removed audio file: /tmp/audio_9c9063ec-d4e1-458c-aaf6-e760592ed60a.wav
2025-08-12 04:20:10,381 - __main__ - ERROR - Task 9c9063ec-d4e1-458c-aaf6-e760592ed60a failed with error: Failed to upload video to Sync.so
2025-08-12 04:20:10,381 - __main__ - INFO - Task 9c9063ec-d4e1-458c-aaf6-e760592ed60a removed from memory
2025-08-12 04:20:10,381 - __main__ - INFO - Returning status for task 9c9063ec-d4e1-458c-aaf6-e760592ed60a: {'task_id': '9c9063ec-d4e1-458c-aaf6-e760592ed60a', 'status': 'error', 'error': 'Failed to upload video to Sync.so'}
2025-08-12 04:21:32,721 - __main__ - INFO - Health check request, active tasks: 0
2025-08-12 04:21:39,753 - __main__ - INFO - Health check request, active tasks: 0
2025-08-12 04:21:46,712 - __main__ - INFO - Health check request, active tasks: 0
2025-08-12 04:21:53,768 - __main__ - INFO - Health check request, active tasks: 0
2025-08-12 04:21:53,770 - __main__ - INFO - Health check request, active tasks: 0
2025-08-12 04:22:19,962 - __main__ - INFO - Creating video task - video_type: durov, script_length: 17
2025-08-12 04:22:19,962 - __main__ - INFO - Generated task_id: 2e0b6c93-169a-45a6-80e8-b43e171efef2
2025-08-12 04:22:19,962 - __main__ - INFO - Created video task: 2e0b6c93-169a-45a6-80e8-b43e171efef2
2025-08-12 04:22:19,962 - __main__ - INFO - Started background video generation for task: 2e0b6c93-169a-45a6-80e8-b43e171efef2
2025-08-12 04:22:19,963 - __main__ - INFO - Starting video generation for task: 2e0b6c93-169a-45a6-80e8-b43e171efef2
2025-08-12 04:22:19,963 - __main__ - INFO - Task details - video_type: durov, script_length: 17
2025-08-12 04:22:19,963 - __main__ - INFO - Looking for video file: videos/durov.mov
2025-08-12 04:22:19,963 - __main__ - INFO - Video file found: videos/durov.mov
2025-08-12 04:22:19,963 - __main__ - INFO - Generating audio from text for task: 2e0b6c93-169a-45a6-80e8-b43e171efef2
2025-08-12 04:22:19,963 - __main__ - INFO - Generating audio from text, length: 17
2025-08-12 04:22:20,032 - __main__ - INFO - Creating gTTS object for Russian language
2025-08-12 04:22:20,032 - __main__ - INFO - Converting text to audio bytes
2025-08-12 04:22:20,659 - __main__ - INFO - Audio generation successful, size: 15936 bytes
2025-08-12 04:22:20,660 - __main__ - INFO - Audio generated successfully for task: 2e0b6c93-169a-45a6-80e8-b43e171efef2, size: 15936 bytes
2025-08-12 04:22:20,660 - __main__ - INFO - Saving audio to temporary file: /tmp/audio_2e0b6c93-169a-45a6-80e8-b43e171efef2.wav
2025-08-12 04:22:20,662 - __main__ - INFO - Uploading video file to Sync.so: videos/durov.mov
2025-08-12 04:22:20,662 - __main__ - INFO - Uploading file to Sync.so: videos/durov.mov
2025-08-12 04:22:20,668 - __main__ - INFO - Making upload request to Sync.so API
2025-08-12 04:22:20,672 - __main__ - INFO - Status request for task: 2e0b6c93-169a-45a6-80e8-b43e171efef2
2025-08-12 04:22:20,672 - __main__ - INFO - Task 2e0b6c93-169a-45a6-80e8-b43e171efef2 current status: processing
2025-08-12 04:22:50,715 - __main__ - INFO - Returning status for task 2e0b6c93-169a-45a6-80e8-b43e171efef2: {'task_id': '2e0b6c93-169a-45a6-80e8-b43e171efef2', 'status': 'processing'}
2025-08-12 04:22:55,721 - __main__ - INFO - Status request for task: 2e0b6c93-169a-45a6-80e8-b43e171efef2
2025-08-12 04:22:55,722 - __main__ - INFO - Task 2e0b6c93-169a-45a6-80e8-b43e171efef2 current status: processing
2025-08-12 04:23:01,136 - httpx - INFO - HTTP Request: POST https://api.sync.so/v1/assets/upload "HTTP/1.1 404 Not Found"
2025-08-12 04:23:01,139 - __main__ - ERROR - Upload failed: 404 - {"message":"Cannot POST /v1/assets/upload","error":"Not Found","statusCode":404}
2025-08-12 04:23:01,140 - __main__ - ERROR - Task 2e0b6c93-169a-45a6-80e8-b43e171efef2: Failed to upload video to Sync.so
2025-08-12 04:23:01,140 - __main__ - INFO - Cleaning up temporary files for task: 2e0b6c93-169a-45a6-80e8-b43e171efef2
2025-08-12 04:23:01,140 - __main__ - INFO - Removed audio file: /tmp/audio_2e0b6c93-169a-45a6-80e8-b43e171efef2.wav
2025-08-12 04:23:01,728 - __main__ - ERROR - Task 2e0b6c93-169a-45a6-80e8-b43e171efef2 failed with error: Failed to upload video to Sync.so
2025-08-12 04:23:01,729 - __main__ - INFO - Task 2e0b6c93-169a-45a6-80e8-b43e171efef2 removed from memory
2025-08-12 04:23:01,729 - __main__ - INFO - Returning status for task 2e0b6c93-169a-45a6-80e8-b43e171efef2: {'task_id': '2e0b6c93-169a-45a6-80e8-b43e171efef2', 'status': 'error', 'error': 'Failed to upload video to Sync.so'}
2025-08-12 04:24:38,496 - httpx - INFO - HTTP Request: GET https://api.sync.so/health "HTTP/1.1 404 Not Found"
2025-08-12 04:24:38,497 - __main__ - ERROR - Sync.so API health check failed: 404 - {"message":"Cannot GET /health","error":"Not Found","statusCode":404}
2025-08-12 04:24:43,858 - httpx - INFO - HTTP Request: GET https://api.sync.so/health "HTTP/1.1 404 Not Found"
2025-08-12 04:24:43,859 - __main__ - ERROR - Sync.so API health check failed: 404 - {"message":"Cannot GET /health","error":"Not Found","statusCode":404}
2025-08-12 04:24:51,275 - __main__ - INFO - Creating video task - video_type: durov, script_length: 17
2025-08-12 04:24:51,276 - __main__ - INFO - Generated task_id: 0eea972e-1e29-4855-92e5-944d21a3de45
2025-08-12 04:24:51,276 - __main__ - INFO - Created video task: 0eea972e-1e29-4855-92e5-944d21a3de45
2025-08-12 04:24:51,276 - __main__ - INFO - Started background video generation for task: 0eea972e-1e29-4855-92e5-944d21a3de45
2025-08-12 04:24:51,277 - __main__ - INFO - Starting video generation for task: 0eea972e-1e29-4855-92e5-944d21a3de45
2025-08-12 04:24:51,277 - __main__ - INFO - Task details - video_type: durov, script_length: 17
2025-08-12 04:24:51,277 - __main__ - INFO - Looking for video file: videos/durov.mov
2025-08-12 04:24:51,277 - __main__ - INFO - Video file found: videos/durov.mov
2025-08-12 04:24:51,277 - __main__ - INFO - Generating audio from text for task: 0eea972e-1e29-4855-92e5-944d21a3de45
2025-08-12 04:24:51,277 - __main__ - INFO - Generating audio from text, length: 17
2025-08-12 04:24:51,334 - __main__ - INFO - Creating gTTS object for Russian language
2025-08-12 04:24:51,334 - __main__ - INFO - Converting text to audio bytes
2025-08-12 04:24:51,994 - __main__ - INFO - Audio generation successful, size: 15936 bytes
2025-08-12 04:24:51,995 - __main__ - INFO - Audio generated successfully for task: 0eea972e-1e29-4855-92e5-944d21a3de45, size: 15936 bytes
2025-08-12 04:24:51,995 - __main__ - INFO - Saving audio to temporary file: /tmp/audio_0eea972e-1e29-4855-92e5-944d21a3de45.wav
2025-08-12 04:24:51,995 - __main__ - INFO - Uploading video file to Sync.so: videos/durov.mov
2025-08-12 04:24:51,995 - __main__ - INFO - Uploading file to Sync.so: videos/durov.mov
2025-08-12 04:24:51,995 - __main__ - INFO - File size: 56692229 bytes (54.07 MB)
2025-08-12 04:24:52,002 - __main__ - INFO - Making upload request to Sync.so API with file: durov.mov
2025-08-12 04:24:52,002 - __main__ - INFO - Status request for task: 0eea972e-1e29-4855-92e5-944d21a3de45
2025-08-12 04:24:52,002 - __main__ - INFO - Task 0eea972e-1e29-4855-92e5-944d21a3de45 current status: processing
2025-08-12 04:25:22,034 - __main__ - INFO - Returning status for task 0eea972e-1e29-4855-92e5-944d21a3de45: {'task_id': '0eea972e-1e29-4855-92e5-944d21a3de45', 'status': 'processing'}
2025-08-12 04:25:27,713 - __main__ - INFO - Status request for task: 0eea972e-1e29-4855-92e5-944d21a3de45
2025-08-12 04:25:27,713 - __main__ - INFO - Task 0eea972e-1e29-4855-92e5-944d21a3de45 current status: processing
2025-08-12 04:25:44,894 - __main__ - ERROR - Upload error: 
2025-08-12 04:25:44,894 - __main__ - ERROR - Task 0eea972e-1e29-4855-92e5-944d21a3de45: Failed to upload video to Sync.so
2025-08-12 04:25:44,895 - __main__ - INFO - Cleaning up temporary files for task: 0eea972e-1e29-4855-92e5-944d21a3de45
2025-08-12 04:25:44,895 - __main__ - INFO - Removed audio file: /tmp/audio_0eea972e-1e29-4855-92e5-944d21a3de45.wav
2025-08-12 04:25:45,730 - __main__ - ERROR - Task 0eea972e-1e29-4855-92e5-944d21a3de45 failed with error: Failed to upload video to Sync.so
2025-08-12 04:25:45,731 - __main__ - INFO - Task 0eea972e-1e29-4855-92e5-944d21a3de45 removed from memory
2025-08-12 04:25:45,731 - __main__ - INFO - Returning status for task 0eea972e-1e29-4855-92e5-944d21a3de45: {'task_id': '0eea972e-1e29-4855-92e5-944d21a3de45', 'status': 'error', 'error': 'Failed to upload video to Sync.so'}
2025-08-12 04:33:46,900 - __main__ - INFO - Testing Sync.so SDK connection...
2025-08-12 04:33:46,900 - __main__ - INFO - Sync.so SDK initialized successfully
2025-08-12 04:33:56,462 - __main__ - INFO - Creating video task - video_type: durov, script_length: 17
2025-08-12 04:33:56,462 - __main__ - INFO - Generated task_id: 4cd77d41-b736-4413-af31-79d9fca597da
2025-08-12 04:33:56,462 - __main__ - INFO - Created video task: 4cd77d41-b736-4413-af31-79d9fca597da
2025-08-12 04:33:56,462 - __main__ - INFO - Started background video generation for task: 4cd77d41-b736-4413-af31-79d9fca597da
2025-08-12 04:33:56,463 - __main__ - INFO - Starting video generation for task: 4cd77d41-b736-4413-af31-79d9fca597da
2025-08-12 04:33:56,463 - __main__ - INFO - Task details - video_type: durov, script_length: 17
2025-08-12 04:33:56,463 - __main__ - INFO - Looking for video file: videos/durov.mov
2025-08-12 04:33:56,463 - __main__ - INFO - Video file found: videos/durov.mov
2025-08-12 04:33:56,463 - __main__ - INFO - Generating audio from text for task: 4cd77d41-b736-4413-af31-79d9fca597da
2025-08-12 04:33:56,463 - __main__ - INFO - Generating audio from text, length: 17
2025-08-12 04:33:56,519 - __main__ - INFO - Creating gTTS object for Russian language
2025-08-12 04:33:56,520 - __main__ - INFO - Converting text to audio bytes
2025-08-12 04:33:57,154 - __main__ - INFO - Audio generation successful, size: 15936 bytes
2025-08-12 04:33:57,154 - __main__ - INFO - Audio generated successfully for task: 4cd77d41-b736-4413-af31-79d9fca597da, size: 15936 bytes
2025-08-12 04:33:57,154 - __main__ - INFO - Saving audio to temporary file: /tmp/audio_4cd77d41-b736-4413-af31-79d9fca597da.wav
2025-08-12 04:33:57,155 - __main__ - INFO - Video URL: file:///Users/user/scripts/stormy-video/stormy-video/backend/videos/durov.mov
2025-08-12 04:33:57,155 - __main__ - INFO - Audio URL: file:///tmp/audio_4cd77d41-b736-4413-af31-79d9fca597da.wav
2025-08-12 04:33:57,155 - __main__ - INFO - Creating lipsync generation for task: 4cd77d41-b736-4413-af31-79d9fca597da
2025-08-12 04:33:57,155 - __main__ - ERROR - Task 4cd77d41-b736-4413-af31-79d9fca597da: Unexpected error in video generation: GenerationsClient.create() got an unexpected keyword argument 'outputFileName'
2025-08-12 04:33:57,155 - __main__ - INFO - Cleaning up temporary files for task: 4cd77d41-b736-4413-af31-79d9fca597da
2025-08-12 04:33:57,155 - __main__ - INFO - Removed audio file: /tmp/audio_4cd77d41-b736-4413-af31-79d9fca597da.wav
2025-08-12 04:33:57,156 - __main__ - INFO - Status request for task: 4cd77d41-b736-4413-af31-79d9fca597da
2025-08-12 04:33:57,156 - __main__ - INFO - Task 4cd77d41-b736-4413-af31-79d9fca597da current status: error
2025-08-12 04:33:57,156 - __main__ - ERROR - Task 4cd77d41-b736-4413-af31-79d9fca597da failed with error: GenerationsClient.create() got an unexpected keyword argument 'outputFileName'
2025-08-12 04:33:57,156 - __main__ - INFO - Task 4cd77d41-b736-4413-af31-79d9fca597da removed from memory
2025-08-12 04:33:57,156 - __main__ - INFO - Returning status for task 4cd77d41-b736-4413-af31-79d9fca597da: {'task_id': '4cd77d41-b736-4413-af31-79d9fca597da', 'status': 'error', 'error': "GenerationsClient.create() got an unexpected keyword argument 'outputFileName'"}
2025-08-12 04:34:32,241 - __main__ - INFO - Testing Sync.so SDK connection...
2025-08-12 04:34:32,241 - __main__ - INFO - Sync.so SDK initialized successfully
2025-08-12 04:34:35,276 - __main__ - INFO - Creating video task - video_type: durov, script_length: 17
2025-08-12 04:34:35,277 - __main__ - INFO - Generated task_id: f1c20cc4-924a-4cd3-9220-bbba7bfeb345
2025-08-12 04:34:35,277 - __main__ - INFO - Created video task: f1c20cc4-924a-4cd3-9220-bbba7bfeb345
2025-08-12 04:34:35,277 - __main__ - INFO - Started background video generation for task: f1c20cc4-924a-4cd3-9220-bbba7bfeb345
2025-08-12 04:34:35,278 - __main__ - INFO - Starting video generation for task: f1c20cc4-924a-4cd3-9220-bbba7bfeb345
2025-08-12 04:34:35,278 - __main__ - INFO - Task details - video_type: durov, script_length: 17
2025-08-12 04:34:35,278 - __main__ - INFO - Looking for video file: videos/durov.mov
2025-08-12 04:34:35,278 - __main__ - INFO - Video file found: videos/durov.mov
2025-08-12 04:34:35,278 - __main__ - INFO - Generating audio from text for task: f1c20cc4-924a-4cd3-9220-bbba7bfeb345
2025-08-12 04:34:35,279 - __main__ - INFO - Generating audio from text, length: 17
2025-08-12 04:34:35,440 - __main__ - INFO - Creating gTTS object for Russian language
2025-08-12 04:34:35,440 - __main__ - INFO - Converting text to audio bytes
2025-08-12 04:34:36,052 - __main__ - INFO - Audio generation successful, size: 15936 bytes
2025-08-12 04:34:36,052 - __main__ - INFO - Audio generated successfully for task: f1c20cc4-924a-4cd3-9220-bbba7bfeb345, size: 15936 bytes
2025-08-12 04:34:36,053 - __main__ - INFO - Saving audio to temporary file: /tmp/audio_f1c20cc4-924a-4cd3-9220-bbba7bfeb345.wav
2025-08-12 04:34:36,053 - __main__ - INFO - Video URL: file:///Users/user/scripts/stormy-video/stormy-video/backend/videos/durov.mov
2025-08-12 04:34:36,053 - __main__ - INFO - Audio URL: file:///tmp/audio_f1c20cc4-924a-4cd3-9220-bbba7bfeb345.wav
2025-08-12 04:34:36,053 - __main__ - INFO - Creating lipsync generation for task: f1c20cc4-924a-4cd3-9220-bbba7bfeb345
2025-08-12 04:34:37,238 - httpx - INFO - HTTP Request: POST https://api.sync.so/v2/generate "HTTP/1.1 500 Internal Server Error"
2025-08-12 04:34:37,240 - __main__ - ERROR - Task f1c20cc4-924a-4cd3-9220-bbba7bfeb345: Create generation request failed with status code 500 and error message='Internal server error' status_code=500
2025-08-12 04:34:37,240 - __main__ - INFO - Cleaning up temporary files for task: f1c20cc4-924a-4cd3-9220-bbba7bfeb345
2025-08-12 04:34:37,240 - __main__ - INFO - Removed audio file: /tmp/audio_f1c20cc4-924a-4cd3-9220-bbba7bfeb345.wav
2025-08-12 04:34:37,241 - __main__ - INFO - Status request for task: f1c20cc4-924a-4cd3-9220-bbba7bfeb345
2025-08-12 04:34:37,241 - __main__ - INFO - Task f1c20cc4-924a-4cd3-9220-bbba7bfeb345 current status: error
2025-08-12 04:34:37,241 - __main__ - ERROR - Task f1c20cc4-924a-4cd3-9220-bbba7bfeb345 failed with error: Create generation request failed with status code 500 and error message='Internal server error' status_code=500
2025-08-12 04:34:37,242 - __main__ - INFO - Task f1c20cc4-924a-4cd3-9220-bbba7bfeb345 removed from memory
2025-08-12 04:34:37,242 - __main__ - INFO - Returning status for task f1c20cc4-924a-4cd3-9220-bbba7bfeb345: {'task_id': 'f1c20cc4-924a-4cd3-9220-bbba7bfeb345', 'status': 'error', 'error': "Create generation request failed with status code 500 and error message='Internal server error' status_code=500"}
2025-08-12 04:36:07,778 - __main__ - INFO - Testing Sync.so SDK connection...
2025-08-12 04:36:07,778 - __main__ - INFO - Sync.so SDK initialized successfully
2025-08-12 04:36:10,521 - __main__ - INFO - Creating video task - video_type: durov, script_length: 17
2025-08-12 04:36:10,521 - __main__ - INFO - Generated task_id: ab557390-9e39-4eb6-a12b-49451f07c3ff
2025-08-12 04:36:10,521 - __main__ - INFO - Created video task: ab557390-9e39-4eb6-a12b-49451f07c3ff
2025-08-12 04:36:10,521 - __main__ - INFO - Started background video generation for task: ab557390-9e39-4eb6-a12b-49451f07c3ff
2025-08-12 04:36:10,522 - __main__ - INFO - Starting video generation for task: ab557390-9e39-4eb6-a12b-49451f07c3ff
2025-08-12 04:36:10,522 - __main__ - INFO - Task details - video_type: durov, script_length: 17
2025-08-12 04:36:10,522 - __main__ - INFO - Looking for video file: videos/durov.mov
2025-08-12 04:36:10,522 - __main__ - INFO - Video file found: videos/durov.mov
2025-08-12 04:36:10,522 - __main__ - INFO - Generating audio from text for task: ab557390-9e39-4eb6-a12b-49451f07c3ff
2025-08-12 04:36:10,523 - __main__ - INFO - Generating audio from text, length: 17
2025-08-12 04:36:10,590 - __main__ - INFO - Creating gTTS object for Russian language
2025-08-12 04:36:10,590 - __main__ - INFO - Converting text to audio bytes
2025-08-12 04:36:11,160 - __main__ - INFO - Audio generation successful, size: 15936 bytes
2025-08-12 04:36:11,161 - __main__ - INFO - Audio generated successfully for task: ab557390-9e39-4eb6-a12b-49451f07c3ff, size: 15936 bytes
2025-08-12 04:36:11,161 - __main__ - INFO - Saving audio to temporary file: /tmp/audio_ab557390-9e39-4eb6-a12b-49451f07c3ff.wav
2025-08-12 04:36:11,161 - __main__ - INFO - Uploading video to cloud storage...
2025-08-12 04:36:11,161 - __main__ - INFO - Uploading file to cloud storage: videos/durov.mov
2025-08-12 04:36:11,161 - __main__ - INFO - File size: 56692229 bytes (54.07 MB)
2025-08-12 04:36:11,161 - __main__ - WARNING - Cloud storage upload not implemented - using placeholder URL
2025-08-12 04:36:11,161 - __main__ - INFO - Uploading audio to cloud storage...
2025-08-12 04:36:11,161 - __main__ - INFO - Uploading file to cloud storage: /tmp/audio_ab557390-9e39-4eb6-a12b-49451f07c3ff.wav
2025-08-12 04:36:11,161 - __main__ - INFO - File size: 15936 bytes (0.02 MB)
2025-08-12 04:36:11,161 - __main__ - WARNING - Cloud storage upload not implemented - using placeholder URL
2025-08-12 04:36:11,161 - __main__ - INFO - Video URL: https://assets.sync.so/docs/example-video.mp4
2025-08-12 04:36:11,161 - __main__ - INFO - Audio URL: https://assets.sync.so/docs/example-video.mp4
2025-08-12 04:36:11,161 - __main__ - INFO - Creating lipsync generation for task: ab557390-9e39-4eb6-a12b-49451f07c3ff
2025-08-12 04:36:11,161 - __main__ - ERROR - Task ab557390-9e39-4eb6-a12b-49451f07c3ff: Unexpected error in video generation: GenerationsClient.create() got an unexpected keyword argument 'outputFileName'
2025-08-12 04:36:11,161 - __main__ - INFO - Cleaning up temporary files for task: ab557390-9e39-4eb6-a12b-49451f07c3ff
2025-08-12 04:36:11,162 - __main__ - INFO - Removed audio file: /tmp/audio_ab557390-9e39-4eb6-a12b-49451f07c3ff.wav
2025-08-12 04:36:11,162 - __main__ - INFO - Status request for task: ab557390-9e39-4eb6-a12b-49451f07c3ff
2025-08-12 04:36:11,162 - __main__ - INFO - Task ab557390-9e39-4eb6-a12b-49451f07c3ff current status: error
2025-08-12 04:36:11,162 - __main__ - ERROR - Task ab557390-9e39-4eb6-a12b-49451f07c3ff failed with error: GenerationsClient.create() got an unexpected keyword argument 'outputFileName'
2025-08-12 04:36:11,162 - __main__ - INFO - Task ab557390-9e39-4eb6-a12b-49451f07c3ff removed from memory
2025-08-12 04:36:11,162 - __main__ - INFO - Returning status for task ab557390-9e39-4eb6-a12b-49451f07c3ff: {'task_id': 'ab557390-9e39-4eb6-a12b-49451f07c3ff', 'status': 'error', 'error': "GenerationsClient.create() got an unexpected keyword argument 'outputFileName'"}
2025-08-12 04:39:55,068 - __main__ - INFO - Testing Sync.so SDK connection...
2025-08-12 04:39:55,068 - __main__ - INFO - Sync.so SDK initialized successfully
2025-08-12 04:40:01,166 - __main__ - INFO - Creating video task - video_type: durov, script_length: 17
2025-08-12 04:40:01,167 - __main__ - INFO - Generated task_id: 5058dcd7-9c2b-47fe-b0f2-e1a550fce18e
2025-08-12 04:40:01,167 - __main__ - INFO - Created video task: 5058dcd7-9c2b-47fe-b0f2-e1a550fce18e
2025-08-12 04:40:01,167 - __main__ - INFO - Started background video generation for task: 5058dcd7-9c2b-47fe-b0f2-e1a550fce18e
2025-08-12 04:40:01,168 - __main__ - INFO - Starting video generation for task: 5058dcd7-9c2b-47fe-b0f2-e1a550fce18e
2025-08-12 04:40:01,168 - __main__ - INFO - Task details - video_type: durov, script_length: 17
2025-08-12 04:40:01,168 - __main__ - INFO - Looking for video file: videos/durov.mov
2025-08-12 04:40:01,168 - __main__ - INFO - Video file found: videos/durov.mov
2025-08-12 04:40:01,168 - __main__ - INFO - Generating audio from text for task: 5058dcd7-9c2b-47fe-b0f2-e1a550fce18e
2025-08-12 04:40:01,169 - __main__ - INFO - Generating audio from text, length: 17
2025-08-12 04:40:01,222 - __main__ - INFO - Creating gTTS object for Russian language
2025-08-12 04:40:01,222 - __main__ - INFO - Converting text to audio bytes
2025-08-12 04:40:01,834 - __main__ - INFO - Audio generation successful, size: 15936 bytes
2025-08-12 04:40:01,834 - __main__ - INFO - Audio generated successfully for task: 5058dcd7-9c2b-47fe-b0f2-e1a550fce18e, size: 15936 bytes
2025-08-12 04:40:01,835 - __main__ - INFO - Saving audio to temporary file: /tmp/audio_5058dcd7-9c2b-47fe-b0f2-e1a550fce18e.wav
2025-08-12 04:40:01,836 - __main__ - INFO - Serving video file...
2025-08-12 04:40:01,836 - __main__ - INFO - Serving file locally: videos/durov.mov
2025-08-12 04:40:01,836 - __main__ - INFO - File size: 56692229 bytes (54.07 MB)
2025-08-12 04:40:01,836 - __main__ - INFO - Using local video URL: http://localhost:8000/files/durov.mov
2025-08-12 04:40:01,836 - __main__ - INFO - Serving audio file...
2025-08-12 04:40:01,836 - __main__ - INFO - Serving file locally: /tmp/audio_5058dcd7-9c2b-47fe-b0f2-e1a550fce18e.wav
2025-08-12 04:40:01,836 - __main__ - INFO - File size: 15936 bytes (0.02 MB)
2025-08-12 04:40:01,836 - __main__ - INFO - Using local audio URL: http://localhost:8000/files/audio_5058dcd7-9c2b-47fe-b0f2-e1a550fce18e.wav
2025-08-12 04:40:01,836 - __main__ - INFO - Video URL: http://localhost:8000/files/durov.mov
2025-08-12 04:40:01,836 - __main__ - INFO - Audio URL: http://localhost:8000/files/audio_5058dcd7-9c2b-47fe-b0f2-e1a550fce18e.wav
2025-08-12 04:40:01,836 - __main__ - INFO - Creating lipsync generation for task: 5058dcd7-9c2b-47fe-b0f2-e1a550fce18e
2025-08-12 04:40:02,932 - httpx - INFO - HTTP Request: POST https://api.sync.so/v2/generate "HTTP/1.1 500 Internal Server Error"
2025-08-12 04:40:02,933 - __main__ - ERROR - Task 5058dcd7-9c2b-47fe-b0f2-e1a550fce18e: Create generation request failed with status code 500 and error message='Internal server error' status_code=500
2025-08-12 04:40:02,933 - __main__ - INFO - Cleaning up temporary files for task: 5058dcd7-9c2b-47fe-b0f2-e1a550fce18e
2025-08-12 04:40:02,934 - __main__ - INFO - Removed audio file: /tmp/audio_5058dcd7-9c2b-47fe-b0f2-e1a550fce18e.wav
2025-08-12 04:40:02,934 - __main__ - INFO - Status request for task: 5058dcd7-9c2b-47fe-b0f2-e1a550fce18e
2025-08-12 04:40:02,934 - __main__ - INFO - Task 5058dcd7-9c2b-47fe-b0f2-e1a550fce18e current status: error
2025-08-12 04:40:02,934 - __main__ - ERROR - Task 5058dcd7-9c2b-47fe-b0f2-e1a550fce18e failed with error: Create generation request failed with status code 500 and error message='Internal server error' status_code=500
2025-08-12 04:40:02,935 - __main__ - INFO - Task 5058dcd7-9c2b-47fe-b0f2-e1a550fce18e removed from memory
2025-08-12 04:40:02,935 - __main__ - INFO - Returning status for task 5058dcd7-9c2b-47fe-b0f2-e1a550fce18e: {'task_id': '5058dcd7-9c2b-47fe-b0f2-e1a550fce18e', 'status': 'error', 'error': "Create generation request failed with status code 500 and error message='Internal server error' status_code=500"}
2025-08-12 04:41:06,511 - __main__ - INFO - Testing Sync.so SDK connection...
2025-08-12 04:41:06,511 - __main__ - INFO - Sync.so SDK initialized successfully
2025-08-12 04:41:10,969 - __main__ - INFO - Creating video task - video_type: durov, script_length: 17
2025-08-12 04:41:10,969 - __main__ - INFO - Generated task_id: 37082437-7cd8-4905-a023-815195a7510d
2025-08-12 04:41:10,970 - __main__ - INFO - Created video task: 37082437-7cd8-4905-a023-815195a7510d
2025-08-12 04:41:10,970 - __main__ - INFO - Started background video generation for task: 37082437-7cd8-4905-a023-815195a7510d
2025-08-12 04:41:10,970 - __main__ - INFO - Starting video generation for task: 37082437-7cd8-4905-a023-815195a7510d
2025-08-12 04:41:10,970 - __main__ - INFO - Task details - video_type: durov, script_length: 17
2025-08-12 04:41:10,970 - __main__ - INFO - Looking for video file: videos/durov.mov
2025-08-12 04:41:10,970 - __main__ - INFO - Video file found: videos/durov.mov
2025-08-12 04:41:10,970 - __main__ - INFO - Generating audio from text for task: 37082437-7cd8-4905-a023-815195a7510d
2025-08-12 04:41:10,970 - __main__ - INFO - Generating audio from text, length: 17
2025-08-12 04:41:11,034 - __main__ - INFO - Creating gTTS object for Russian language
2025-08-12 04:41:11,034 - __main__ - INFO - Converting text to audio bytes
2025-08-12 04:41:11,686 - __main__ - INFO - Audio generation successful, size: 15936 bytes
2025-08-12 04:41:11,686 - __main__ - INFO - Audio generated successfully for task: 37082437-7cd8-4905-a023-815195a7510d, size: 15936 bytes
2025-08-12 04:41:11,686 - __main__ - INFO - Saving audio to temporary file: /tmp/audio_37082437-7cd8-4905-a023-815195a7510d.wav
2025-08-12 04:41:11,686 - __main__ - INFO - Serving video file...
2025-08-12 04:41:11,686 - __main__ - INFO - Serving file locally: videos/durov.mov
2025-08-12 04:41:11,686 - __main__ - INFO - File size: 56692229 bytes (54.07 MB)
2025-08-12 04:41:11,686 - __main__ - INFO - Using demo video URL: https://assets.sync.so/docs/example-video.mp4
2025-08-12 04:41:11,686 - __main__ - INFO - Note: In production, upload durov.mov to cloud storage
2025-08-12 04:41:11,686 - __main__ - INFO - Serving audio file...
2025-08-12 04:41:11,686 - __main__ - INFO - Serving file locally: /tmp/audio_37082437-7cd8-4905-a023-815195a7510d.wav
2025-08-12 04:41:11,687 - __main__ - INFO - File size: 15936 bytes (0.02 MB)
2025-08-12 04:41:11,687 - __main__ - INFO - Using demo audio URL: https://assets.sync.so/docs/example-audio.wav
2025-08-12 04:41:11,687 - __main__ - INFO - Note: In production, upload audio_37082437-7cd8-4905-a023-815195a7510d.wav to cloud storage
2025-08-12 04:41:11,687 - __main__ - INFO - Video URL: https://assets.sync.so/docs/example-video.mp4
2025-08-12 04:41:11,687 - __main__ - INFO - Audio URL: https://assets.sync.so/docs/example-audio.wav
2025-08-12 04:41:11,687 - __main__ - INFO - Creating lipsync generation for task: 37082437-7cd8-4905-a023-815195a7510d
2025-08-12 04:41:11,687 - __main__ - INFO - Request data:
2025-08-12 04:41:11,687 - __main__ - INFO -   - Video URL: https://assets.sync.so/docs/example-video.mp4
2025-08-12 04:41:11,687 - __main__ - INFO -   - Audio URL: https://assets.sync.so/docs/example-audio.wav
2025-08-12 04:41:11,687 - __main__ - INFO -   - Model: lipsync-2
2025-08-12 04:41:11,687 - __main__ - INFO -   - Sync mode: cut_off
2025-08-12 04:41:13,243 - httpx - INFO - HTTP Request: POST https://api.sync.so/v2/generate "HTTP/1.1 201 Created"
2025-08-12 04:41:13,247 - __main__ - INFO - Generation submitted successfully, job id: 87673e31-333f-48ea-a68a-7a85409a5856
2025-08-12 04:41:13,247 - __main__ - INFO - Starting monitoring for task: 37082437-7cd8-4905-a023-815195a7510d, job: 87673e31-333f-48ea-a68a-7a85409a5856
2025-08-12 04:41:13,763 - httpx - INFO - HTTP Request: GET https://api.sync.so/v2/generate/87673e31-333f-48ea-a68a-7a85409a5856 "HTTP/1.1 200 OK"
2025-08-12 04:41:13,764 - __main__ - INFO - Generation 87673e31-333f-48ea-a68a-7a85409a5856 status: PENDING
2025-08-12 04:41:13,764 - __main__ - INFO - Status request for task: 37082437-7cd8-4905-a023-815195a7510d
2025-08-12 04:41:13,764 - __main__ - INFO - Task 37082437-7cd8-4905-a023-815195a7510d current status: processing
2025-08-12 04:41:24,841 - httpx - INFO - HTTP Request: GET https://api.sync.so/v2/generate/87673e31-333f-48ea-a68a-7a85409a5856 "HTTP/1.1 200 OK"
2025-08-12 04:41:24,842 - __main__ - INFO - Generation 87673e31-333f-48ea-a68a-7a85409a5856 status: PROCESSING
2025-08-12 04:41:36,466 - httpx - INFO - HTTP Request: GET https://api.sync.so/v2/generate/87673e31-333f-48ea-a68a-7a85409a5856 "HTTP/1.1 200 OK"
2025-08-12 04:41:36,470 - __main__ - INFO - Generation 87673e31-333f-48ea-a68a-7a85409a5856 status: PROCESSING
2025-08-12 04:41:47,715 - httpx - INFO - HTTP Request: GET https://api.sync.so/v2/generate/87673e31-333f-48ea-a68a-7a85409a5856 "HTTP/1.1 200 OK"
2025-08-12 04:41:47,717 - __main__ - INFO - Generation 87673e31-333f-48ea-a68a-7a85409a5856 status: PROCESSING
2025-08-12 04:41:47,717 - __main__ - INFO - Returning status for task 37082437-7cd8-4905-a023-815195a7510d: {'task_id': '37082437-7cd8-4905-a023-815195a7510d', 'status': 'processing'}
2025-08-12 04:41:52,724 - __main__ - INFO - Status request for task: 37082437-7cd8-4905-a023-815195a7510d
2025-08-12 04:41:52,724 - __main__ - INFO - Task 37082437-7cd8-4905-a023-815195a7510d current status: processing
2025-08-12 04:41:59,217 - httpx - INFO - HTTP Request: GET https://api.sync.so/v2/generate/87673e31-333f-48ea-a68a-7a85409a5856 "HTTP/1.1 200 OK"
2025-08-12 04:41:59,219 - __main__ - INFO - Generation 87673e31-333f-48ea-a68a-7a85409a5856 status: PROCESSING
2025-08-12 04:42:10,357 - httpx - INFO - HTTP Request: GET https://api.sync.so/v2/generate/87673e31-333f-48ea-a68a-7a85409a5856 "HTTP/1.1 200 OK"
2025-08-12 04:42:10,360 - __main__ - INFO - Generation 87673e31-333f-48ea-a68a-7a85409a5856 status: PROCESSING
2025-08-12 04:42:21,468 - httpx - INFO - HTTP Request: GET https://api.sync.so/v2/generate/87673e31-333f-48ea-a68a-7a85409a5856 "HTTP/1.1 200 OK"
2025-08-12 04:42:21,470 - __main__ - INFO - Generation 87673e31-333f-48ea-a68a-7a85409a5856 status: PROCESSING
2025-08-12 04:42:26,479 - __main__ - INFO - Returning status for task 37082437-7cd8-4905-a023-815195a7510d: {'task_id': '37082437-7cd8-4905-a023-815195a7510d', 'status': 'processing'}
2025-08-12 04:42:32,399 - httpx - INFO - HTTP Request: GET https://api.sync.so/v2/generate/87673e31-333f-48ea-a68a-7a85409a5856 "HTTP/1.1 200 OK"
2025-08-12 04:42:32,401 - __main__ - INFO - Generation 87673e31-333f-48ea-a68a-7a85409a5856 status: PROCESSING
2025-08-12 04:42:32,402 - __main__ - INFO - Status request for task: 37082437-7cd8-4905-a023-815195a7510d
2025-08-12 04:42:32,402 - __main__ - INFO - Task 37082437-7cd8-4905-a023-815195a7510d current status: processing
2025-08-12 04:42:43,537 - httpx - INFO - HTTP Request: GET https://api.sync.so/v2/generate/87673e31-333f-48ea-a68a-7a85409a5856 "HTTP/1.1 200 OK"
2025-08-12 04:42:43,539 - __main__ - INFO - Generation 87673e31-333f-48ea-a68a-7a85409a5856 status: PROCESSING
2025-08-12 04:42:55,265 - httpx - INFO - HTTP Request: GET https://api.sync.so/v2/generate/87673e31-333f-48ea-a68a-7a85409a5856 "HTTP/1.1 200 OK"
2025-08-12 04:42:55,268 - __main__ - INFO - Generation 87673e31-333f-48ea-a68a-7a85409a5856 status: PROCESSING
2025-08-12 04:43:06,292 - httpx - INFO - HTTP Request: GET https://api.sync.so/v2/generate/87673e31-333f-48ea-a68a-7a85409a5856 "HTTP/1.1 200 OK"
2025-08-12 04:43:06,293 - __main__ - INFO - Generation 87673e31-333f-48ea-a68a-7a85409a5856 status: PROCESSING
2025-08-12 04:43:06,293 - __main__ - INFO - Returning status for task 37082437-7cd8-4905-a023-815195a7510d: {'task_id': '37082437-7cd8-4905-a023-815195a7510d', 'status': 'processing'}
2025-08-12 04:43:11,690 - __main__ - INFO - Status request for task: 37082437-7cd8-4905-a023-815195a7510d
2025-08-12 04:43:11,690 - __main__ - INFO - Task 37082437-7cd8-4905-a023-815195a7510d current status: processing
2025-08-12 04:43:17,435 - httpx - INFO - HTTP Request: GET https://api.sync.so/v2/generate/87673e31-333f-48ea-a68a-7a85409a5856 "HTTP/1.1 200 OK"
2025-08-12 04:43:17,436 - __main__ - INFO - Generation 87673e31-333f-48ea-a68a-7a85409a5856 status: PROCESSING
2025-08-12 04:43:28,697 - httpx - INFO - HTTP Request: GET https://api.sync.so/v2/generate/87673e31-333f-48ea-a68a-7a85409a5856 "HTTP/1.1 200 OK"
2025-08-12 04:43:28,700 - __main__ - INFO - Generation 87673e31-333f-48ea-a68a-7a85409a5856 status: PROCESSING
2025-08-12 04:43:39,719 - httpx - INFO - HTTP Request: GET https://api.sync.so/v2/generate/87673e31-333f-48ea-a68a-7a85409a5856 "HTTP/1.1 200 OK"
2025-08-12 04:43:39,723 - __main__ - INFO - Generation 87673e31-333f-48ea-a68a-7a85409a5856 status: PROCESSING
2025-08-12 04:43:44,730 - __main__ - INFO - Returning status for task 37082437-7cd8-4905-a023-815195a7510d: {'task_id': '37082437-7cd8-4905-a023-815195a7510d', 'status': 'processing'}
2025-08-12 04:43:50,824 - httpx - INFO - HTTP Request: GET https://api.sync.so/v2/generate/87673e31-333f-48ea-a68a-7a85409a5856 "HTTP/1.1 200 OK"
2025-08-12 04:43:50,825 - __main__ - INFO - Generation 87673e31-333f-48ea-a68a-7a85409a5856 status: PROCESSING
2025-08-12 04:43:50,826 - __main__ - INFO - Status request for task: 37082437-7cd8-4905-a023-815195a7510d
2025-08-12 04:43:50,826 - __main__ - INFO - Task 37082437-7cd8-4905-a023-815195a7510d current status: processing
2025-08-12 04:44:02,766 - httpx - INFO - HTTP Request: GET https://api.sync.so/v2/generate/87673e31-333f-48ea-a68a-7a85409a5856 "HTTP/1.1 200 OK"
2025-08-12 04:44:02,768 - __main__ - INFO - Generation 87673e31-333f-48ea-a68a-7a85409a5856 status: COMPLETED
2025-08-12 04:44:02,768 - __main__ - INFO - Task 37082437-7cd8-4905-a023-815195a7510d completed successfully, output_url: https://api.sync.so/v2/generations/87673e31-333f-48ea-a68a-7a85409a5856/result?token=11bb6a0e-9f5d-40d7-9220-63f03918f408
2025-08-12 04:44:02,768 - __main__ - INFO - Cleaning up temporary files for task: 37082437-7cd8-4905-a023-815195a7510d
2025-08-12 04:44:02,769 - __main__ - INFO - Removed audio file: /tmp/audio_37082437-7cd8-4905-a023-815195a7510d.wav
2025-08-12 04:44:02,770 - __main__ - INFO - Task 37082437-7cd8-4905-a023-815195a7510d completed, result_url: https://api.sync.so/v2/generations/87673e31-333f-48ea-a68a-7a85409a5856/result?token=11bb6a0e-9f5d-40d7-9220-63f03918f408
2025-08-12 04:44:02,770 - __main__ - INFO - Task 37082437-7cd8-4905-a023-815195a7510d removed from memory
2025-08-12 04:44:02,770 - __main__ - INFO - Returning status for task 37082437-7cd8-4905-a023-815195a7510d: {'task_id': '37082437-7cd8-4905-a023-815195a7510d', 'status': 'completed', 'result_url': 'https://api.sync.so/v2/generations/87673e31-333f-48ea-a68a-7a85409a5856/result?token=11bb6a0e-9f5d-40d7-9220-63f03918f408'}
2025-08-12 04:47:12,199 - __main__ - INFO - Testing Sync.so SDK connection...
2025-08-12 04:47:12,199 - __main__ - INFO - Sync.so SDK initialized successfully
2025-08-12 04:47:31,360 - __main__ - INFO - Creating video task - video_type: durov, script_length: 18
2025-08-12 04:47:31,360 - __main__ - INFO - Script content: 'Hello how are you?'
2025-08-12 04:47:31,360 - __main__ - INFO - Generated task_id: 33a314e1-3cdf-4d58-ba3f-e23cc9f24139
2025-08-12 04:47:31,360 - __main__ - INFO - Created video task: 33a314e1-3cdf-4d58-ba3f-e23cc9f24139
2025-08-12 04:47:31,361 - __main__ - INFO - Started background video generation for task: 33a314e1-3cdf-4d58-ba3f-e23cc9f24139
2025-08-12 04:47:31,361 - __main__ - INFO - Starting video generation for task: 33a314e1-3cdf-4d58-ba3f-e23cc9f24139
2025-08-12 04:47:31,361 - __main__ - INFO - Task details - video_type: durov, script_length: 18
2025-08-12 04:47:31,361 - __main__ - INFO - Looking for video file: videos/durov.mov
2025-08-12 04:47:31,361 - __main__ - INFO - Video file found: videos/durov.mov
2025-08-12 04:47:31,361 - __main__ - INFO - Generating audio from text for task: 33a314e1-3cdf-4d58-ba3f-e23cc9f24139
2025-08-12 04:47:31,361 - __main__ - INFO - Generating audio from text, length: 18
2025-08-12 04:47:31,361 - __main__ - INFO - Text content: 'Hello how are you?'
2025-08-12 04:47:31,418 - __main__ - INFO - Creating gTTS object for English language
2025-08-12 04:47:31,418 - __main__ - INFO - Converting text to audio bytes
2025-08-12 04:47:32,198 - __main__ - INFO - Audio generation successful, size: 13440 bytes
2025-08-12 04:47:32,198 - __main__ - INFO - Audio generated successfully for task: 33a314e1-3cdf-4d58-ba3f-e23cc9f24139, size: 13440 bytes
2025-08-12 04:47:32,198 - __main__ - INFO - Saving audio to temporary file: /tmp/audio_33a314e1-3cdf-4d58-ba3f-e23cc9f24139.wav
2025-08-12 04:47:32,199 - __main__ - INFO - Serving video file...
2025-08-12 04:47:32,199 - __main__ - INFO - Serving file locally: videos/durov.mov
2025-08-12 04:47:32,199 - __main__ - INFO - File size: 56692229 bytes (54.07 MB)
2025-08-12 04:47:32,199 - __main__ - INFO - Using demo video URL: https://assets.sync.so/docs/example-video.mp4
2025-08-12 04:47:32,199 - __main__ - INFO - Note: In production, upload durov.mov to cloud storage
2025-08-12 04:47:32,199 - __main__ - INFO - Serving audio file...
2025-08-12 04:47:32,199 - __main__ - INFO - Serving file locally: /tmp/audio_33a314e1-3cdf-4d58-ba3f-e23cc9f24139.wav
2025-08-12 04:47:32,199 - __main__ - INFO - File size: 13440 bytes (0.01 MB)
2025-08-12 04:47:32,199 - __main__ - INFO - Using demo audio URL: https://assets.sync.so/docs/example-audio.wav
2025-08-12 04:47:32,199 - __main__ - INFO - Note: In production, upload audio_33a314e1-3cdf-4d58-ba3f-e23cc9f24139.wav to cloud storage
2025-08-12 04:47:32,199 - __main__ - INFO - Video URL: https://assets.sync.so/docs/example-video.mp4
2025-08-12 04:47:32,199 - __main__ - INFO - Audio URL: https://assets.sync.so/docs/example-audio.wav
2025-08-12 04:47:32,199 - __main__ - INFO - Creating lipsync generation for task: 33a314e1-3cdf-4d58-ba3f-e23cc9f24139
2025-08-12 04:47:32,199 - __main__ - INFO - Request data:
2025-08-12 04:47:32,199 - __main__ - INFO -   - Video URL: https://assets.sync.so/docs/example-video.mp4
2025-08-12 04:47:32,199 - __main__ - INFO -   - Audio URL: https://assets.sync.so/docs/example-audio.wav
2025-08-12 04:47:32,200 - __main__ - INFO -   - Model: lipsync-2
2025-08-12 04:47:32,200 - __main__ - INFO -   - Sync mode: cut_off
2025-08-12 04:47:34,083 - httpx - INFO - HTTP Request: POST https://api.sync.so/v2/generate "HTTP/1.1 201 Created"
2025-08-12 04:47:34,087 - __main__ - INFO - Generation submitted successfully, job id: 54b03072-1d66-45dd-9633-503a855aceb7
2025-08-12 04:47:34,087 - __main__ - INFO - Starting monitoring for task: 33a314e1-3cdf-4d58-ba3f-e23cc9f24139, job: 54b03072-1d66-45dd-9633-503a855aceb7
2025-08-12 04:47:34,938 - httpx - INFO - HTTP Request: GET https://api.sync.so/v2/generate/54b03072-1d66-45dd-9633-503a855aceb7 "HTTP/1.1 200 OK"
2025-08-12 04:47:34,941 - __main__ - INFO - Generation 54b03072-1d66-45dd-9633-503a855aceb7 status: PROCESSING
2025-08-12 04:47:34,942 - __main__ - INFO - Status request for task: 33a314e1-3cdf-4d58-ba3f-e23cc9f24139
2025-08-12 04:47:34,942 - __main__ - INFO - Task 33a314e1-3cdf-4d58-ba3f-e23cc9f24139 current status: processing
2025-08-12 04:47:45,995 - httpx - INFO - HTTP Request: GET https://api.sync.so/v2/generate/54b03072-1d66-45dd-9633-503a855aceb7 "HTTP/1.1 200 OK"
2025-08-12 04:47:45,998 - __main__ - INFO - Generation 54b03072-1d66-45dd-9633-503a855aceb7 status: PROCESSING
2025-08-12 04:47:57,178 - httpx - INFO - HTTP Request: GET https://api.sync.so/v2/generate/54b03072-1d66-45dd-9633-503a855aceb7 "HTTP/1.1 200 OK"
2025-08-12 04:47:57,180 - __main__ - INFO - Generation 54b03072-1d66-45dd-9633-503a855aceb7 status: PROCESSING
2025-08-12 04:48:08,250 - httpx - INFO - HTTP Request: GET https://api.sync.so/v2/generate/54b03072-1d66-45dd-9633-503a855aceb7 "HTTP/1.1 200 OK"
2025-08-12 04:48:08,253 - __main__ - INFO - Generation 54b03072-1d66-45dd-9633-503a855aceb7 status: PROCESSING
2025-08-12 04:48:08,254 - __main__ - INFO - Returning status for task 33a314e1-3cdf-4d58-ba3f-e23cc9f24139: {'task_id': '33a314e1-3cdf-4d58-ba3f-e23cc9f24139', 'status': 'processing'}
2025-08-12 04:48:13,260 - __main__ - INFO - Status request for task: 33a314e1-3cdf-4d58-ba3f-e23cc9f24139
2025-08-12 04:48:13,261 - __main__ - INFO - Task 33a314e1-3cdf-4d58-ba3f-e23cc9f24139 current status: processing
2025-08-12 04:48:19,637 - httpx - INFO - HTTP Request: GET https://api.sync.so/v2/generate/54b03072-1d66-45dd-9633-503a855aceb7 "HTTP/1.1 200 OK"
2025-08-12 04:48:19,639 - __main__ - INFO - Generation 54b03072-1d66-45dd-9633-503a855aceb7 status: PROCESSING
2025-08-12 04:48:30,752 - httpx - INFO - HTTP Request: GET https://api.sync.so/v2/generate/54b03072-1d66-45dd-9633-503a855aceb7 "HTTP/1.1 200 OK"
2025-08-12 04:48:30,756 - __main__ - INFO - Generation 54b03072-1d66-45dd-9633-503a855aceb7 status: PROCESSING
2025-08-12 04:48:41,955 - httpx - INFO - HTTP Request: GET https://api.sync.so/v2/generate/54b03072-1d66-45dd-9633-503a855aceb7 "HTTP/1.1 200 OK"
2025-08-12 04:48:41,958 - __main__ - INFO - Generation 54b03072-1d66-45dd-9633-503a855aceb7 status: PROCESSING
2025-08-12 04:48:46,964 - __main__ - INFO - Returning status for task 33a314e1-3cdf-4d58-ba3f-e23cc9f24139: {'task_id': '33a314e1-3cdf-4d58-ba3f-e23cc9f24139', 'status': 'processing'}
2025-08-12 04:48:53,073 - httpx - INFO - HTTP Request: GET https://api.sync.so/v2/generate/54b03072-1d66-45dd-9633-503a855aceb7 "HTTP/1.1 200 OK"
2025-08-12 04:48:53,074 - __main__ - INFO - Generation 54b03072-1d66-45dd-9633-503a855aceb7 status: PROCESSING
2025-08-12 04:48:53,074 - __main__ - INFO - Status request for task: 33a314e1-3cdf-4d58-ba3f-e23cc9f24139
2025-08-12 04:48:53,074 - __main__ - INFO - Task 33a314e1-3cdf-4d58-ba3f-e23cc9f24139 current status: processing
2025-08-12 04:49:04,317 - httpx - INFO - HTTP Request: GET https://api.sync.so/v2/generate/54b03072-1d66-45dd-9633-503a855aceb7 "HTTP/1.1 200 OK"
2025-08-12 04:49:04,321 - __main__ - INFO - Generation 54b03072-1d66-45dd-9633-503a855aceb7 status: PROCESSING
2025-08-12 04:49:15,428 - httpx - INFO - HTTP Request: GET https://api.sync.so/v2/generate/54b03072-1d66-45dd-9633-503a855aceb7 "HTTP/1.1 200 OK"
2025-08-12 04:49:15,430 - __main__ - INFO - Generation 54b03072-1d66-45dd-9633-503a855aceb7 status: PROCESSING
2025-08-12 04:49:26,526 - httpx - INFO - HTTP Request: GET https://api.sync.so/v2/generate/54b03072-1d66-45dd-9633-503a855aceb7 "HTTP/1.1 200 OK"
2025-08-12 04:49:26,529 - __main__ - INFO - Generation 54b03072-1d66-45dd-9633-503a855aceb7 status: PROCESSING
2025-08-12 04:49:26,529 - __main__ - INFO - Returning status for task 33a314e1-3cdf-4d58-ba3f-e23cc9f24139: {'task_id': '33a314e1-3cdf-4d58-ba3f-e23cc9f24139', 'status': 'processing'}
2025-08-12 04:49:31,534 - __main__ - INFO - Status request for task: 33a314e1-3cdf-4d58-ba3f-e23cc9f24139
2025-08-12 04:49:31,535 - __main__ - INFO - Task 33a314e1-3cdf-4d58-ba3f-e23cc9f24139 current status: processing
2025-08-12 04:49:37,597 - httpx - INFO - HTTP Request: GET https://api.sync.so/v2/generate/54b03072-1d66-45dd-9633-503a855aceb7 "HTTP/1.1 200 OK"
2025-08-12 04:49:37,598 - __main__ - INFO - Generation 54b03072-1d66-45dd-9633-503a855aceb7 status: PROCESSING
2025-08-12 04:49:48,396 - httpx - INFO - HTTP Request: GET https://api.sync.so/v2/generate/54b03072-1d66-45dd-9633-503a855aceb7 "HTTP/1.1 200 OK"
2025-08-12 04:49:48,404 - __main__ - INFO - Generation 54b03072-1d66-45dd-9633-503a855aceb7 status: PROCESSING
2025-08-12 04:49:59,461 - httpx - INFO - HTTP Request: GET https://api.sync.so/v2/generate/54b03072-1d66-45dd-9633-503a855aceb7 "HTTP/1.1 200 OK"
2025-08-12 04:49:59,463 - __main__ - INFO - Generation 54b03072-1d66-45dd-9633-503a855aceb7 status: PROCESSING
2025-08-12 04:50:04,467 - __main__ - INFO - Returning status for task 33a314e1-3cdf-4d58-ba3f-e23cc9f24139: {'task_id': '33a314e1-3cdf-4d58-ba3f-e23cc9f24139', 'status': 'processing'}
2025-08-12 04:50:10,472 - httpx - INFO - HTTP Request: GET https://api.sync.so/v2/generate/54b03072-1d66-45dd-9633-503a855aceb7 "HTTP/1.1 200 OK"
2025-08-12 04:50:10,474 - __main__ - INFO - Generation 54b03072-1d66-45dd-9633-503a855aceb7 status: COMPLETED
2025-08-12 04:50:10,474 - __main__ - INFO - Task 33a314e1-3cdf-4d58-ba3f-e23cc9f24139 completed successfully, output_url: https://api.sync.so/v2/generations/54b03072-1d66-45dd-9633-503a855aceb7/result?token=0fe3797b-5da6-4855-88e0-dee6f1a8930c
2025-08-12 04:50:10,474 - __main__ - INFO - Cleaning up temporary files for task: 33a314e1-3cdf-4d58-ba3f-e23cc9f24139
2025-08-12 04:50:10,475 - __main__ - INFO - Removed audio file: /tmp/audio_33a314e1-3cdf-4d58-ba3f-e23cc9f24139.wav
2025-08-12 04:50:10,475 - __main__ - INFO - Status request for task: 33a314e1-3cdf-4d58-ba3f-e23cc9f24139
2025-08-12 04:50:10,475 - __main__ - INFO - Task 33a314e1-3cdf-4d58-ba3f-e23cc9f24139 current status: completed
2025-08-12 04:50:10,475 - __main__ - INFO - Task 33a314e1-3cdf-4d58-ba3f-e23cc9f24139 completed, result_url: https://api.sync.so/v2/generations/54b03072-1d66-45dd-9633-503a855aceb7/result?token=0fe3797b-5da6-4855-88e0-dee6f1a8930c
2025-08-12 04:50:10,475 - __main__ - INFO - Task 33a314e1-3cdf-4d58-ba3f-e23cc9f24139 removed from memory
2025-08-12 04:50:10,475 - __main__ - INFO - Returning status for task 33a314e1-3cdf-4d58-ba3f-e23cc9f24139: {'task_id': '33a314e1-3cdf-4d58-ba3f-e23cc9f24139', 'status': 'completed', 'result_url': 'https://api.sync.so/v2/generations/54b03072-1d66-45dd-9633-503a855aceb7/result?token=0fe3797b-5da6-4855-88e0-dee6f1a8930c'}
2025-08-12 04:53:23,645 - __main__ - INFO - Creating video task - video_type: durov, script_length: 18
2025-08-12 04:53:23,646 - __main__ - INFO - Script content: 'Hello how are you?'
2025-08-12 04:53:23,646 - __main__ - INFO - Generated task_id: caf43bcb-5eb4-4b57-acc8-d0d094ab6e4b
2025-08-12 04:53:23,646 - __main__ - INFO - Saving logo to: /tmp/logo_caf43bcb-5eb4-4b57-acc8-d0d094ab6e4b.png
2025-08-12 04:53:23,647 - __main__ - INFO - Created video task: caf43bcb-5eb4-4b57-acc8-d0d094ab6e4b
2025-08-12 04:53:23,647 - __main__ - INFO - Started background video generation for task: caf43bcb-5eb4-4b57-acc8-d0d094ab6e4b
2025-08-12 04:53:23,648 - __main__ - INFO - Starting video generation for task: caf43bcb-5eb4-4b57-acc8-d0d094ab6e4b
2025-08-12 04:53:23,648 - __main__ - INFO - Task details - video_type: durov, script_length: 18
2025-08-12 04:53:23,648 - __main__ - INFO - Looking for video file: videos/durov.mov
2025-08-12 04:53:23,648 - __main__ - INFO - Video file found: videos/durov.mov
2025-08-12 04:53:23,648 - __main__ - INFO - Generating audio from text for task: caf43bcb-5eb4-4b57-acc8-d0d094ab6e4b
2025-08-12 04:53:23,649 - __main__ - INFO - Generating audio from text, length: 18
2025-08-12 04:53:23,649 - __main__ - INFO - Text content: 'Hello how are you?'
2025-08-12 04:53:23,649 - __main__ - INFO - Creating gTTS object for English language
2025-08-12 04:53:23,650 - __main__ - INFO - Converting text to audio bytes
2025-08-12 04:53:24,246 - __main__ - INFO - Audio generation successful, size: 13440 bytes
2025-08-12 04:53:24,312 - __main__ - INFO - Audio generated successfully for task: caf43bcb-5eb4-4b57-acc8-d0d094ab6e4b, size: 13440 bytes
2025-08-12 04:53:24,313 - __main__ - INFO - Saving audio to temporary file: /tmp/audio_caf43bcb-5eb4-4b57-acc8-d0d094ab6e4b.wav
2025-08-12 04:53:24,341 - __main__ - INFO - Serving video file...
2025-08-12 04:53:24,357 - __main__ - INFO - Serving file locally: videos/durov.mov
2025-08-12 04:53:24,371 - __main__ - INFO - File size: 56692229 bytes (54.07 MB)
2025-08-12 04:53:24,371 - __main__ - INFO - Using demo video URL: https://assets.sync.so/docs/example-video.mp4
2025-08-12 04:53:24,371 - __main__ - INFO - Note: In production, upload durov.mov to cloud storage
2025-08-12 04:53:24,371 - __main__ - INFO - Serving audio file...
2025-08-12 04:53:24,371 - __main__ - INFO - Serving file locally: /tmp/audio_caf43bcb-5eb4-4b57-acc8-d0d094ab6e4b.wav
2025-08-12 04:53:24,371 - __main__ - INFO - File size: 13440 bytes (0.01 MB)
2025-08-12 04:53:24,371 - __main__ - INFO - Using demo audio URL: https://assets.sync.so/docs/example-audio.wav
2025-08-12 04:53:24,372 - __main__ - INFO - Note: In production, upload audio_caf43bcb-5eb4-4b57-acc8-d0d094ab6e4b.wav to cloud storage
2025-08-12 04:53:24,372 - __main__ - INFO - Video URL: https://assets.sync.so/docs/example-video.mp4
2025-08-12 04:53:24,372 - __main__ - INFO - Audio URL: https://assets.sync.so/docs/example-audio.wav
2025-08-12 04:53:24,373 - __main__ - INFO - Creating lipsync generation for task: caf43bcb-5eb4-4b57-acc8-d0d094ab6e4b
2025-08-12 04:53:24,373 - __main__ - INFO - Request data:
2025-08-12 04:53:24,373 - __main__ - INFO -   - Video URL: https://assets.sync.so/docs/example-video.mp4
2025-08-12 04:53:24,375 - __main__ - INFO -   - Audio URL: https://assets.sync.so/docs/example-audio.wav
2025-08-12 04:53:24,375 - __main__ - INFO -   - Model: lipsync-2
2025-08-12 04:53:24,375 - __main__ - INFO -   - Sync mode: cut_off
2025-08-12 04:53:25,902 - httpx - INFO - HTTP Request: POST https://api.sync.so/v2/generate "HTTP/1.1 201 Created"
2025-08-12 04:53:25,911 - __main__ - INFO - Generation submitted successfully, job id: 6b6e147e-a661-4be2-b8af-0eb22b442f58
2025-08-12 04:53:25,912 - __main__ - INFO - Starting monitoring for task: caf43bcb-5eb4-4b57-acc8-d0d094ab6e4b, job: 6b6e147e-a661-4be2-b8af-0eb22b442f58
2025-08-12 04:53:26,417 - httpx - INFO - HTTP Request: GET https://api.sync.so/v2/generate/6b6e147e-a661-4be2-b8af-0eb22b442f58 "HTTP/1.1 200 OK"
2025-08-12 04:53:26,420 - __main__ - INFO - Generation 6b6e147e-a661-4be2-b8af-0eb22b442f58 status: PROCESSING
2025-08-12 04:53:26,421 - __main__ - INFO - Status request for task: caf43bcb-5eb4-4b57-acc8-d0d094ab6e4b
2025-08-12 04:53:26,421 - __main__ - INFO - Task caf43bcb-5eb4-4b57-acc8-d0d094ab6e4b current status: processing
2025-08-12 04:53:37,244 - httpx - INFO - HTTP Request: GET https://api.sync.so/v2/generate/6b6e147e-a661-4be2-b8af-0eb22b442f58 "HTTP/1.1 200 OK"
2025-08-12 04:53:37,246 - __main__ - INFO - Generation 6b6e147e-a661-4be2-b8af-0eb22b442f58 status: PROCESSING
2025-08-12 04:53:48,297 - httpx - INFO - HTTP Request: GET https://api.sync.so/v2/generate/6b6e147e-a661-4be2-b8af-0eb22b442f58 "HTTP/1.1 200 OK"
2025-08-12 04:53:48,304 - __main__ - INFO - Generation 6b6e147e-a661-4be2-b8af-0eb22b442f58 status: PROCESSING
2025-08-12 04:53:59,164 - httpx - INFO - HTTP Request: GET https://api.sync.so/v2/generate/6b6e147e-a661-4be2-b8af-0eb22b442f58 "HTTP/1.1 200 OK"
2025-08-12 04:53:59,170 - __main__ - INFO - Generation 6b6e147e-a661-4be2-b8af-0eb22b442f58 status: PROCESSING
2025-08-12 04:53:59,171 - __main__ - INFO - Returning status for task caf43bcb-5eb4-4b57-acc8-d0d094ab6e4b: {'task_id': 'caf43bcb-5eb4-4b57-acc8-d0d094ab6e4b', 'status': 'processing'}
2025-08-12 04:54:04,803 - __main__ - INFO - Status request for task: caf43bcb-5eb4-4b57-acc8-d0d094ab6e4b
2025-08-12 04:54:04,803 - __main__ - INFO - Task caf43bcb-5eb4-4b57-acc8-d0d094ab6e4b current status: processing
2025-08-12 04:54:10,022 - httpx - INFO - HTTP Request: GET https://api.sync.so/v2/generate/6b6e147e-a661-4be2-b8af-0eb22b442f58 "HTTP/1.1 200 OK"
2025-08-12 04:54:10,025 - __main__ - INFO - Generation 6b6e147e-a661-4be2-b8af-0eb22b442f58 status: PROCESSING
2025-08-12 04:54:21,120 - httpx - INFO - HTTP Request: GET https://api.sync.so/v2/generate/6b6e147e-a661-4be2-b8af-0eb22b442f58 "HTTP/1.1 200 OK"
2025-08-12 04:54:21,127 - __main__ - INFO - Generation 6b6e147e-a661-4be2-b8af-0eb22b442f58 status: PROCESSING
2025-08-12 04:54:32,165 - httpx - INFO - HTTP Request: GET https://api.sync.so/v2/generate/6b6e147e-a661-4be2-b8af-0eb22b442f58 "HTTP/1.1 200 OK"
2025-08-12 04:54:32,168 - __main__ - INFO - Generation 6b6e147e-a661-4be2-b8af-0eb22b442f58 status: PROCESSING
2025-08-12 04:54:37,176 - __main__ - INFO - Returning status for task caf43bcb-5eb4-4b57-acc8-d0d094ab6e4b: {'task_id': 'caf43bcb-5eb4-4b57-acc8-d0d094ab6e4b', 'status': 'processing'}
2025-08-12 04:54:43,142 - httpx - INFO - HTTP Request: GET https://api.sync.so/v2/generate/6b6e147e-a661-4be2-b8af-0eb22b442f58 "HTTP/1.1 200 OK"
2025-08-12 04:54:43,145 - __main__ - INFO - Generation 6b6e147e-a661-4be2-b8af-0eb22b442f58 status: PROCESSING
2025-08-12 04:54:43,146 - __main__ - INFO - Status request for task: caf43bcb-5eb4-4b57-acc8-d0d094ab6e4b
2025-08-12 04:54:43,146 - __main__ - INFO - Task caf43bcb-5eb4-4b57-acc8-d0d094ab6e4b current status: processing
2025-08-12 04:54:54,224 - httpx - INFO - HTTP Request: GET https://api.sync.so/v2/generate/6b6e147e-a661-4be2-b8af-0eb22b442f58 "HTTP/1.1 200 OK"
2025-08-12 04:54:54,227 - __main__ - INFO - Generation 6b6e147e-a661-4be2-b8af-0eb22b442f58 status: PROCESSING
2025-08-12 04:55:05,460 - httpx - INFO - HTTP Request: GET https://api.sync.so/v2/generate/6b6e147e-a661-4be2-b8af-0eb22b442f58 "HTTP/1.1 200 OK"
2025-08-12 04:55:05,463 - __main__ - INFO - Generation 6b6e147e-a661-4be2-b8af-0eb22b442f58 status: PROCESSING
2025-08-12 04:55:16,628 - httpx - INFO - HTTP Request: GET https://api.sync.so/v2/generate/6b6e147e-a661-4be2-b8af-0eb22b442f58 "HTTP/1.1 200 OK"
2025-08-12 04:55:16,630 - __main__ - INFO - Generation 6b6e147e-a661-4be2-b8af-0eb22b442f58 status: COMPLETED
2025-08-12 04:55:16,631 - __main__ - INFO - Task caf43bcb-5eb4-4b57-acc8-d0d094ab6e4b completed successfully, output_url: https://api.sync.so/v2/generations/6b6e147e-a661-4be2-b8af-0eb22b442f58/result?token=54b17fd3-26a8-4b01-8879-717834db4f39
2025-08-12 04:55:16,631 - __main__ - INFO - Cleaning up temporary files for task: caf43bcb-5eb4-4b57-acc8-d0d094ab6e4b
2025-08-12 04:55:16,632 - __main__ - INFO - Removed logo file: /tmp/logo_caf43bcb-5eb4-4b57-acc8-d0d094ab6e4b.png
2025-08-12 04:55:16,633 - __main__ - INFO - Removed audio file: /tmp/audio_caf43bcb-5eb4-4b57-acc8-d0d094ab6e4b.wav
2025-08-12 04:55:16,633 - __main__ - INFO - Task caf43bcb-5eb4-4b57-acc8-d0d094ab6e4b completed, result_url: https://api.sync.so/v2/generations/6b6e147e-a661-4be2-b8af-0eb22b442f58/result?token=54b17fd3-26a8-4b01-8879-717834db4f39
2025-08-12 04:55:16,633 - __main__ - INFO - Task caf43bcb-5eb4-4b57-acc8-d0d094ab6e4b removed from memory
2025-08-12 04:55:16,633 - __main__ - INFO - Returning status for task caf43bcb-5eb4-4b57-acc8-d0d094ab6e4b: {'task_id': 'caf43bcb-5eb4-4b57-acc8-d0d094ab6e4b', 'status': 'completed', 'result_url': 'https://api.sync.so/v2/generations/6b6e147e-a661-4be2-b8af-0eb22b442f58/result?token=54b17fd3-26a8-4b01-8879-717834db4f39'}
2025-08-12 05:05:23,321 - __main__ - INFO - Testing Sync.so SDK connection...
2025-08-12 05:05:23,321 - __main__ - INFO - Sync.so SDK initialized successfully
2025-08-12 05:10:50,286 - __main__ - INFO - Testing Sync.so SDK connection...
2025-08-12 05:10:50,286 - __main__ - INFO - Sync.so SDK initialized successfully
2025-08-12 05:12:47,458 - __main__ - INFO - Creating video task - video_type: durov, script_length: 131
2025-08-12 05:12:47,459 - __main__ - INFO - Script content: 'Every day, we learn something new, grow stronger, and move closer to our dreams, turning challenges into opportunities for success.'
2025-08-12 05:12:47,459 - __main__ - INFO - Generated task_id: 2978ee7f-5308-4c3a-ba23-08cb0222617f
2025-08-12 05:12:47,459 - __main__ - INFO - Saving logo to: /tmp/logo_2978ee7f-5308-4c3a-ba23-08cb0222617f.png
2025-08-12 05:12:47,461 - __main__ - INFO - Created video task: 2978ee7f-5308-4c3a-ba23-08cb0222617f
2025-08-12 05:12:47,461 - __main__ - INFO - Started background video generation for task: 2978ee7f-5308-4c3a-ba23-08cb0222617f
2025-08-12 05:12:47,506 - __main__ - INFO - Starting video generation for task: 2978ee7f-5308-4c3a-ba23-08cb0222617f
2025-08-12 05:12:47,507 - __main__ - INFO - Task details - video_type: durov, script_length: 131
2025-08-12 05:12:47,507 - __main__ - INFO - Looking for video file: videos/durov.mov
2025-08-12 05:12:47,512 - __main__ - INFO - Video file found: videos/durov.mov
2025-08-12 05:12:47,516 - __main__ - INFO - Generating audio from text using Sync.so TTS for task: 2978ee7f-5308-4c3a-ba23-08cb0222617f
2025-08-12 05:12:47,517 - __main__ - INFO - Generating audio with Sync.so TTS, text: 'Every day, we learn something new, grow stronger, and move closer to our dreams, turning challenges into opportunities for success.', length: 131
2025-08-12 05:12:47,517 - __main__ - INFO - Creating TTS generation with Sync.so
2025-08-12 05:12:48,689 - httpx - INFO - HTTP Request: POST https://api.sync.so/v2/generate "HTTP/1.1 400 Bad Request"
2025-08-12 05:12:48,691 - __main__ - ERROR - TTS generation error: status_code: 400, body: message='Unsupported model: tts-1' status_code=400 error='Bad Request'
2025-08-12 05:12:48,691 - __main__ - ERROR - Task 2978ee7f-5308-4c3a-ba23-08cb0222617f: Failed to generate audio with Sync.so TTS
2025-08-12 05:12:48,691 - __main__ - INFO - Cleaning up temporary files for task: 2978ee7f-5308-4c3a-ba23-08cb0222617f
2025-08-12 05:12:48,692 - __main__ - INFO - Removed logo file: /tmp/logo_2978ee7f-5308-4c3a-ba23-08cb0222617f.png
2025-08-12 05:12:48,692 - __main__ - INFO - No temporary audio file to clean up
2025-08-12 05:12:48,692 - __main__ - INFO - Status request for task: 2978ee7f-5308-4c3a-ba23-08cb0222617f
2025-08-12 05:12:48,692 - __main__ - INFO - Task 2978ee7f-5308-4c3a-ba23-08cb0222617f current status: error
2025-08-12 05:12:48,692 - __main__ - ERROR - Task 2978ee7f-5308-4c3a-ba23-08cb0222617f failed with error: Failed to generate audio with Sync.so TTS
2025-08-12 05:12:48,692 - __main__ - INFO - Task 2978ee7f-5308-4c3a-ba23-08cb0222617f removed from memory
2025-08-12 05:12:48,692 - __main__ - INFO - Returning status for task 2978ee7f-5308-4c3a-ba23-08cb0222617f: {'task_id': '2978ee7f-5308-4c3a-ba23-08cb0222617f', 'status': 'error', 'error': 'Failed to generate audio with Sync.so TTS'}
2025-08-12 05:13:32,578 - __main__ - INFO - Testing Sync.so SDK connection...
2025-08-12 05:13:32,578 - __main__ - INFO - Sync.so SDK initialized successfully
2025-08-12 05:13:34,476 - __main__ - INFO - Creating video task - video_type: durov, script_length: 131
2025-08-12 05:13:34,477 - __main__ - INFO - Script content: 'Every day, we learn something new, grow stronger, and move closer to our dreams, turning challenges into opportunities for success.'
2025-08-12 05:13:34,477 - __main__ - INFO - Generated task_id: db970762-a76f-4960-85a3-a2aa58be75a1
2025-08-12 05:13:34,477 - __main__ - INFO - Saving logo to: /tmp/logo_db970762-a76f-4960-85a3-a2aa58be75a1.png
2025-08-12 05:13:34,477 - __main__ - INFO - Created video task: db970762-a76f-4960-85a3-a2aa58be75a1
2025-08-12 05:13:34,477 - __main__ - INFO - Started background video generation for task: db970762-a76f-4960-85a3-a2aa58be75a1
2025-08-12 05:13:34,479 - __main__ - INFO - Starting video generation for task: db970762-a76f-4960-85a3-a2aa58be75a1
2025-08-12 05:13:34,479 - __main__ - INFO - Task details - video_type: durov, script_length: 131
2025-08-12 05:13:34,479 - __main__ - INFO - Looking for video file: videos/durov.mov
2025-08-12 05:13:34,482 - __main__ - INFO - Video file found: videos/durov.mov
2025-08-12 05:13:34,482 - __main__ - INFO - Generating audio from text using Sync.so TTS for task: db970762-a76f-4960-85a3-a2aa58be75a1
2025-08-12 05:13:34,482 - __main__ - INFO - Generating audio with Sync.so TTS, text: 'Every day, we learn something new, grow stronger, and move closer to our dreams, turning challenges into opportunities for success.', length: 131
2025-08-12 05:13:34,482 - __main__ - INFO - Creating TTS generation with Sync.so
2025-08-12 05:13:35,773 - httpx - INFO - HTTP Request: POST https://api.sync.so/v2/generate "HTTP/1.1 400 Bad Request"
2025-08-12 05:13:35,773 - __main__ - WARNING - text-to-speech model failed: status_code: 400, body: message='Unsupported model: text-to-speech' status_code=400 error='Bad Request'
2025-08-12 05:13:36,324 - httpx - INFO - HTTP Request: POST https://api.sync.so/v2/generate "HTTP/1.1 400 Bad Request"
2025-08-12 05:13:36,325 - __main__ - ERROR - Sync.so TTS generation error: status_code: 400, body: message='Unsupported model: speech' status_code=400 error='Bad Request'
2025-08-12 05:13:36,326 - __main__ - INFO - Falling back to gTTS...
2025-08-12 05:13:36,326 - __main__ - INFO - Generating audio from text, length: 131
2025-08-12 05:13:36,327 - __main__ - INFO - Text content: 'Every day, we learn something new, grow stronger, and move closer to our dreams, turning challenges into opportunities for success.'
2025-08-12 05:13:36,379 - __main__ - INFO - Creating gTTS object for English language
2025-08-12 05:13:36,379 - __main__ - INFO - Converting text to audio bytes
2025-08-12 05:13:40,236 - __main__ - INFO - Audio generation successful, size: 86400 bytes
2025-08-12 05:13:40,236 - __main__ - INFO - gTTS audio saved to: videos/audio_db970762-a76f-4960-85a3-a2aa58be75a1.wav
2025-08-12 05:13:40,236 - __main__ - INFO - Local audio URL (gTTS): http://localhost:8000/files/audio_db970762-a76f-4960-85a3-a2aa58be75a1.wav
2025-08-12 05:13:40,236 - __main__ - INFO - Audio generated successfully: http://localhost:8000/files/audio_db970762-a76f-4960-85a3-a2aa58be75a1.wav
2025-08-12 05:13:40,236 - __main__ - INFO - Serving video file...
2025-08-12 05:13:40,236 - __main__ - INFO - Serving file locally: videos/durov.mov
2025-08-12 05:13:40,236 - __main__ - INFO - File size: 56692229 bytes (54.07 MB)
2025-08-12 05:13:40,236 - __main__ - INFO - Using local video URL: http://localhost:8000/files/durov.mov
2025-08-12 05:13:40,237 - __main__ - INFO - Video URL: http://localhost:8000/files/durov.mov
2025-08-12 05:13:40,237 - __main__ - INFO - Audio URL: http://localhost:8000/files/audio_db970762-a76f-4960-85a3-a2aa58be75a1.wav
2025-08-12 05:13:40,237 - __main__ - INFO - Creating lipsync generation for task: db970762-a76f-4960-85a3-a2aa58be75a1
2025-08-12 05:13:40,237 - __main__ - INFO - Request data:
2025-08-12 05:13:40,237 - __main__ - INFO -   - Video URL: http://localhost:8000/files/durov.mov
2025-08-12 05:13:40,237 - __main__ - INFO -   - Audio URL: http://localhost:8000/files/audio_db970762-a76f-4960-85a3-a2aa58be75a1.wav
2025-08-12 05:13:40,237 - __main__ - INFO -   - Model: lipsync-2
2025-08-12 05:13:40,237 - __main__ - INFO -   - Sync mode: cut_off
2025-08-12 05:13:40,805 - httpx - INFO - HTTP Request: POST https://api.sync.so/v2/generate "HTTP/1.1 500 Internal Server Error"
2025-08-12 05:13:40,805 - __main__ - ERROR - Task db970762-a76f-4960-85a3-a2aa58be75a1: Create generation request failed with status code 500 and error message='Internal server error' status_code=500
2025-08-12 05:13:40,805 - __main__ - INFO - Cleaning up temporary files for task: db970762-a76f-4960-85a3-a2aa58be75a1
2025-08-12 05:13:40,805 - __main__ - INFO - Removed logo file: /tmp/logo_db970762-a76f-4960-85a3-a2aa58be75a1.png
2025-08-12 05:13:40,805 - __main__ - INFO - No temporary audio file to clean up
2025-08-12 05:13:40,806 - __main__ - INFO - Status request for task: db970762-a76f-4960-85a3-a2aa58be75a1
2025-08-12 05:13:40,806 - __main__ - INFO - Task db970762-a76f-4960-85a3-a2aa58be75a1 current status: error
2025-08-12 05:13:40,806 - __main__ - ERROR - Task db970762-a76f-4960-85a3-a2aa58be75a1 failed with error: Create generation request failed with status code 500 and error message='Internal server error' status_code=500
2025-08-12 05:13:40,806 - __main__ - INFO - Task db970762-a76f-4960-85a3-a2aa58be75a1 removed from memory
2025-08-12 05:13:40,806 - __main__ - INFO - Returning status for task db970762-a76f-4960-85a3-a2aa58be75a1: {'task_id': 'db970762-a76f-4960-85a3-a2aa58be75a1', 'status': 'error', 'error': "Create generation request failed with status code 500 and error message='Internal server error' status_code=500"}
2025-08-12 05:17:11,935 - __main__ - INFO - Testing Sync.so SDK connection...
2025-08-12 05:17:11,935 - __main__ - INFO - Sync.so SDK initialized successfully
2025-08-12 05:17:16,917 - __main__ - INFO - Testing Sync.so SDK connection...
2025-08-12 05:17:16,917 - __main__ - INFO - Sync.so SDK initialized successfully
2025-08-12 05:17:38,414 - __main__ - INFO - Creating video task - video_type: durov, script_length: 131
2025-08-12 05:17:38,415 - __main__ - INFO - Script content: 'Every day, we learn something new, grow stronger, and move closer to our dreams, turning challenges into opportunities for success.'
2025-08-12 05:17:38,415 - __main__ - INFO - Generated task_id: f7cba33b-dcc2-4aba-ab2f-00851865ad86
2025-08-12 05:17:38,416 - __main__ - INFO - Saving logo to: /tmp/logo_f7cba33b-dcc2-4aba-ab2f-00851865ad86.png
2025-08-12 05:17:38,417 - __main__ - INFO - Created video task: f7cba33b-dcc2-4aba-ab2f-00851865ad86
2025-08-12 05:17:38,417 - __main__ - INFO - Started background video generation for task: f7cba33b-dcc2-4aba-ab2f-00851865ad86
2025-08-12 05:17:38,418 - __main__ - INFO - Starting video generation for task: f7cba33b-dcc2-4aba-ab2f-00851865ad86
2025-08-12 05:17:38,418 - __main__ - INFO - Task details - video_type: durov, script_length: 131
2025-08-12 05:17:38,418 - __main__ - INFO - Looking for video file: videos/durov.mov
2025-08-12 05:17:38,418 - __main__ - INFO - Video file found: videos/durov.mov
2025-08-12 05:17:38,418 - __main__ - INFO - Using pre-recorded audio file for task: f7cba33b-dcc2-4aba-ab2f-00851865ad86
2025-08-12 05:17:38,418 - __main__ - INFO - Using pre-recorded audio: http://localhost:8000/files/audio_db970762-a76f-4960-85a3-a2aa58be75a1.wav
2025-08-12 05:17:38,418 - __main__ - INFO - Audio generated successfully: http://localhost:8000/files/audio_db970762-a76f-4960-85a3-a2aa58be75a1.wav
2025-08-12 05:17:38,418 - __main__ - INFO - Serving video file...
2025-08-12 05:17:38,419 - __main__ - INFO - Serving file locally: videos/durov.mov
2025-08-12 05:17:38,419 - __main__ - INFO - File size: 56692229 bytes (54.07 MB)
2025-08-12 05:17:38,419 - __main__ - INFO - Using local video URL: http://localhost:8000/files/durov.mov
2025-08-12 05:17:38,419 - __main__ - INFO - Video URL: http://localhost:8000/files/durov.mov
2025-08-12 05:17:38,419 - __main__ - INFO - Audio URL: http://localhost:8000/files/audio_db970762-a76f-4960-85a3-a2aa58be75a1.wav
2025-08-12 05:17:38,419 - __main__ - INFO - Creating lipsync generation for task: f7cba33b-dcc2-4aba-ab2f-00851865ad86
2025-08-12 05:17:38,419 - __main__ - INFO - Request data:
2025-08-12 05:17:38,419 - __main__ - INFO -   - Video URL: http://localhost:8000/files/durov.mov
2025-08-12 05:17:38,419 - __main__ - INFO -   - Audio URL: http://localhost:8000/files/audio_db970762-a76f-4960-85a3-a2aa58be75a1.wav
2025-08-12 05:17:38,419 - __main__ - INFO -   - Model: lipsync-2
2025-08-12 05:17:38,419 - __main__ - INFO -   - Sync mode: cut_off
2025-08-12 05:17:39,577 - httpx - INFO - HTTP Request: POST https://api.sync.so/v2/generate "HTTP/1.1 500 Internal Server Error"
2025-08-12 05:17:39,578 - __main__ - ERROR - Task f7cba33b-dcc2-4aba-ab2f-00851865ad86: Create generation request failed with status code 500 and error message='Internal server error' status_code=500
2025-08-12 05:17:39,578 - __main__ - INFO - Cleaning up temporary files for task: f7cba33b-dcc2-4aba-ab2f-00851865ad86
2025-08-12 05:17:39,578 - __main__ - INFO - Removed logo file: /tmp/logo_f7cba33b-dcc2-4aba-ab2f-00851865ad86.png
2025-08-12 05:17:39,578 - __main__ - INFO - No temporary audio file to clean up
2025-08-12 05:17:39,578 - __main__ - INFO - Status request for task: f7cba33b-dcc2-4aba-ab2f-00851865ad86
2025-08-12 05:17:39,578 - __main__ - INFO - Task f7cba33b-dcc2-4aba-ab2f-00851865ad86 current status: error
2025-08-12 05:17:39,578 - __main__ - ERROR - Task f7cba33b-dcc2-4aba-ab2f-00851865ad86 failed with error: Create generation request failed with status code 500 and error message='Internal server error' status_code=500
2025-08-12 05:17:39,578 - __main__ - INFO - Task f7cba33b-dcc2-4aba-ab2f-00851865ad86 removed from memory
2025-08-12 05:17:39,578 - __main__ - INFO - Returning status for task f7cba33b-dcc2-4aba-ab2f-00851865ad86: {'task_id': 'f7cba33b-dcc2-4aba-ab2f-00851865ad86', 'status': 'error', 'error': "Create generation request failed with status code 500 and error message='Internal server error' status_code=500"}
2025-08-12 05:21:14,522 - __main__ - INFO - Testing Sync.so SDK connection...
2025-08-12 05:21:14,522 - __main__ - INFO - Sync.so SDK initialized successfully
2025-08-12 05:21:58,785 - __main__ - INFO - Creating video task - video_type: durov, script_length: 131
2025-08-12 05:21:58,785 - __main__ - INFO - Script content: 'Every day, we learn something new, grow stronger, and move closer to our dreams, turning challenges into opportunities for success.'
2025-08-12 05:21:58,786 - __main__ - INFO - Generated task_id: e1f231ce-924e-49b1-9d95-d7d9d906e01a
2025-08-12 05:21:58,786 - __main__ - INFO - Saving logo to: /tmp/logo_e1f231ce-924e-49b1-9d95-d7d9d906e01a.png
2025-08-12 05:21:58,786 - __main__ - INFO - Created video task: e1f231ce-924e-49b1-9d95-d7d9d906e01a
2025-08-12 05:21:58,786 - __main__ - INFO - Started background video generation for task: e1f231ce-924e-49b1-9d95-d7d9d906e01a
2025-08-12 05:21:58,791 - __main__ - INFO - Starting video generation for task: e1f231ce-924e-49b1-9d95-d7d9d906e01a
2025-08-12 05:21:58,793 - __main__ - INFO - Task details - video_type: durov, script_length: 131
2025-08-12 05:21:58,793 - __main__ - INFO - Looking for video file: videos/durov.mov
2025-08-12 05:21:58,793 - __main__ - INFO - Video file found: videos/durov.mov
2025-08-12 05:21:58,793 - __main__ - INFO - Generating audio from text using Sync.so TTS for task: e1f231ce-924e-49b1-9d95-d7d9d906e01a
2025-08-12 05:21:58,794 - __main__ - INFO - Generating audio with Sync.so TTS, text: 'Every day, we learn something new, grow stronger, and move closer to our dreams, turning challenges into opportunities for success.', length: 131
2025-08-12 05:21:58,794 - __main__ - INFO - Creating TTS generation with Sync.so
2025-08-12 05:21:59,901 - httpx - INFO - HTTP Request: POST https://api.sync.so/v2/generate "HTTP/1.1 400 Bad Request"
2025-08-12 05:21:59,902 - __main__ - ERROR - Sync.so TTS generation error: status_code: 400, body: message='Unsupported model: text-to-speech' status_code=400 error='Bad Request'
2025-08-12 05:21:59,902 - __main__ - ERROR - Task e1f231ce-924e-49b1-9d95-d7d9d906e01a: Failed to generate audio with Sync.so TTS
2025-08-12 05:21:59,902 - __main__ - INFO - Cleaning up temporary files for task: e1f231ce-924e-49b1-9d95-d7d9d906e01a
2025-08-12 05:21:59,902 - __main__ - INFO - Removed logo file: /tmp/logo_e1f231ce-924e-49b1-9d95-d7d9d906e01a.png
2025-08-12 05:21:59,902 - __main__ - INFO - No temporary audio file to clean up
2025-08-12 05:21:59,903 - __main__ - INFO - Status request for task: e1f231ce-924e-49b1-9d95-d7d9d906e01a
2025-08-12 05:21:59,903 - __main__ - INFO - Task e1f231ce-924e-49b1-9d95-d7d9d906e01a current status: error
2025-08-12 05:21:59,903 - __main__ - ERROR - Task e1f231ce-924e-49b1-9d95-d7d9d906e01a failed with error: Failed to generate audio with Sync.so TTS
2025-08-12 05:21:59,903 - __main__ - INFO - Task e1f231ce-924e-49b1-9d95-d7d9d906e01a removed from memory
2025-08-12 05:21:59,903 - __main__ - INFO - Returning status for task e1f231ce-924e-49b1-9d95-d7d9d906e01a: {'task_id': 'e1f231ce-924e-49b1-9d95-d7d9d906e01a', 'status': 'error', 'error': 'Failed to generate audio with Sync.so TTS'}
2025-08-12 05:29:20,298 - __main__ - INFO - Testing Sync.so SDK connection...
2025-08-12 05:29:20,298 - __main__ - INFO - Sync.so SDK initialized successfully
2025-08-12 05:30:42,759 - __main__ - INFO - Testing Sync.so SDK connection...
2025-08-12 05:30:42,759 - __main__ - INFO - Sync.so SDK initialized successfully
2025-08-12 05:30:49,262 - __main__ - INFO - Creating video task - video_type: durov, script_length: 131
2025-08-12 05:30:49,275 - __main__ - INFO - Script content: 'Every day, we learn something new, grow stronger, and move closer to our dreams, turning challenges into opportunities for success.'
2025-08-12 05:30:49,275 - __main__ - INFO - Generated task_id: 7d2c0878-ac59-4bad-a54a-c175cfd918eb
2025-08-12 05:30:49,275 - __main__ - INFO - Saving logo to: /tmp/logo_7d2c0878-ac59-4bad-a54a-c175cfd918eb.png
2025-08-12 05:30:49,279 - __main__ - INFO - Created video task: 7d2c0878-ac59-4bad-a54a-c175cfd918eb
2025-08-12 05:30:49,279 - __main__ - INFO - Started background video generation for task: 7d2c0878-ac59-4bad-a54a-c175cfd918eb
2025-08-12 05:30:49,280 - __main__ - INFO - Starting video generation for task: 7d2c0878-ac59-4bad-a54a-c175cfd918eb
2025-08-12 05:30:49,280 - __main__ - INFO - Task details - video_type: durov, script_length: 131
2025-08-12 05:30:49,280 - __main__ - INFO - Looking for video file: videos/durov.mov
2025-08-12 05:30:49,280 - __main__ - INFO - Video file found: videos/durov.mov
2025-08-12 05:30:49,280 - __main__ - INFO - Generating audio from text using Sync.so TTS for task: 7d2c0878-ac59-4bad-a54a-c175cfd918eb
2025-08-12 05:30:49,280 - __main__ - INFO - Generating audio with Sync.so TTS, text: 'Every day, we learn something new, grow stronger, and move closer to our dreams, turning challenges into opportunities for success.', length: 131
2025-08-12 05:30:49,280 - __main__ - INFO - Creating TTS generation with Sync.so
2025-08-12 05:30:49,280 - __main__ - INFO - Generating audio with gTTS...
2025-08-12 05:30:49,281 - __main__ - INFO - Generating audio from text, length: 131
2025-08-12 05:30:49,281 - __main__ - INFO - Text content: 'Every day, we learn something new, grow stronger, and move closer to our dreams, turning challenges into opportunities for success.'
2025-08-12 05:30:49,551 - __main__ - INFO - Creating gTTS object for English language
2025-08-12 05:30:49,551 - __main__ - INFO - Converting text to audio bytes
2025-08-12 05:30:53,412 - __main__ - INFO - Audio generation successful, size: 86400 bytes
2025-08-12 05:30:53,413 - __main__ - INFO - Audio saved to: videos/audio_7d2c0878-ac59-4bad-a54a-c175cfd918eb.wav
2025-08-12 05:30:53,413 - __main__ - INFO - Local audio URL: http://localhost:8000/files/audio_7d2c0878-ac59-4bad-a54a-c175cfd918eb.wav
2025-08-12 05:30:53,413 - __main__ - INFO - Audio generated successfully: http://localhost:8000/files/audio_7d2c0878-ac59-4bad-a54a-c175cfd918eb.wav
2025-08-12 05:30:53,413 - __main__ - INFO - Serving video file...
2025-08-12 05:30:53,413 - __main__ - INFO - Serving file locally: videos/durov.mov
2025-08-12 05:30:53,413 - __main__ - INFO - File size: 56692229 bytes (54.07 MB)
2025-08-12 05:30:53,413 - __main__ - INFO - Using local video URL: http://localhost:8000/files/durov.mov
2025-08-12 05:30:53,413 - __main__ - INFO - Video URL: http://localhost:8000/files/durov.mov
2025-08-12 05:30:53,413 - __main__ - INFO - Audio URL: http://localhost:8000/files/audio_7d2c0878-ac59-4bad-a54a-c175cfd918eb.wav
2025-08-12 05:30:53,413 - __main__ - INFO - Creating lipsync generation for task: 7d2c0878-ac59-4bad-a54a-c175cfd918eb
2025-08-12 05:30:53,413 - __main__ - INFO - Request data:
2025-08-12 05:30:53,413 - __main__ - INFO -   - Video URL: http://localhost:8000/files/durov.mov
2025-08-12 05:30:53,413 - __main__ - INFO -   - Audio URL: http://localhost:8000/files/audio_7d2c0878-ac59-4bad-a54a-c175cfd918eb.wav
2025-08-12 05:30:53,413 - __main__ - INFO -   - Model: lipsync-2
2025-08-12 05:30:53,413 - __main__ - INFO -   - Sync mode: cut_off
2025-08-12 05:30:54,552 - httpx - INFO - HTTP Request: POST https://api.sync.so/v2/generate "HTTP/1.1 500 Internal Server Error"
2025-08-12 05:30:54,552 - __main__ - ERROR - Task 7d2c0878-ac59-4bad-a54a-c175cfd918eb: Create generation request failed with status code 500 and error message='Internal server error' status_code=500
2025-08-12 05:30:54,552 - __main__ - INFO - Cleaning up temporary files for task: 7d2c0878-ac59-4bad-a54a-c175cfd918eb
2025-08-12 05:30:54,552 - __main__ - INFO - Removed logo file: /tmp/logo_7d2c0878-ac59-4bad-a54a-c175cfd918eb.png
2025-08-12 05:30:54,552 - __main__ - INFO - No temporary audio file to clean up
2025-08-12 05:30:54,553 - __main__ - INFO - Status request for task: 7d2c0878-ac59-4bad-a54a-c175cfd918eb
2025-08-12 05:30:54,553 - __main__ - INFO - Task 7d2c0878-ac59-4bad-a54a-c175cfd918eb current status: error
2025-08-12 05:30:54,553 - __main__ - ERROR - Task 7d2c0878-ac59-4bad-a54a-c175cfd918eb failed with error: Create generation request failed with status code 500 and error message='Internal server error' status_code=500
2025-08-12 05:30:54,553 - __main__ - INFO - Task 7d2c0878-ac59-4bad-a54a-c175cfd918eb removed from memory
2025-08-12 05:30:54,553 - __main__ - INFO - Returning status for task 7d2c0878-ac59-4bad-a54a-c175cfd918eb: {'task_id': '7d2c0878-ac59-4bad-a54a-c175cfd918eb', 'status': 'error', 'error': "Create generation request failed with status code 500 and error message='Internal server error' status_code=500"}
2025-08-12 05:32:56,177 - __main__ - INFO - Testing Sync.so SDK connection...
2025-08-12 05:32:56,177 - __main__ - INFO - Sync.so SDK initialized successfully
2025-08-12 05:33:05,654 - __main__ - INFO - Creating video task - video_type: durov, script_length: 131
2025-08-12 05:33:05,654 - __main__ - INFO - Script content: 'Every day, we learn something new, grow stronger, and move closer to our dreams, turning challenges into opportunities for success.'
2025-08-12 05:33:05,654 - __main__ - INFO - Generated task_id: 7c42e1a0-0edb-49f3-aaff-add2910de28f
2025-08-12 05:33:05,654 - __main__ - INFO - Saving logo to: /tmp/logo_7c42e1a0-0edb-49f3-aaff-add2910de28f.png
2025-08-12 05:33:05,654 - __main__ - INFO - Created video task: 7c42e1a0-0edb-49f3-aaff-add2910de28f
2025-08-12 05:33:05,654 - __main__ - INFO - Started background video generation for task: 7c42e1a0-0edb-49f3-aaff-add2910de28f
2025-08-12 05:33:05,655 - __main__ - INFO - Starting video generation for task: 7c42e1a0-0edb-49f3-aaff-add2910de28f
2025-08-12 05:33:05,655 - __main__ - INFO - Task details - video_type: durov, script_length: 131
2025-08-12 05:33:05,655 - __main__ - INFO - Looking for video file: videos/durov.mov
2025-08-12 05:33:05,655 - __main__ - INFO - Video file found: videos/durov.mov
2025-08-12 05:33:05,655 - __main__ - INFO - Generating audio from text using Sync.so TTS for task: 7c42e1a0-0edb-49f3-aaff-add2910de28f
2025-08-12 05:33:05,655 - __main__ - INFO - Generating audio with Sync.so TTS, text: 'Every day, we learn something new, grow stronger, and move closer to our dreams, turning challenges into opportunities for success.', length: 131
2025-08-12 05:33:05,655 - __main__ - INFO - Creating TTS generation with Sync.so
2025-08-12 05:33:05,655 - __main__ - INFO - Using pre-recorded audio file from Dropbox for task: 7c42e1a0-0edb-49f3-aaff-add2910de28f
2025-08-12 05:33:05,655 - __main__ - INFO - Using Dropbox audio URL: https://www.dropbox.com/scl/fi/f9samle47tlaf7y57nulm/audio_db970762-a76f-4960-85a3-a2aa58be75a1.wav?rlkey=uhj5k7u7bv8szcl0xqwxzipf3&st=eobuzbne&raw=1
2025-08-12 05:33:05,655 - __main__ - INFO - Audio generated successfully: https://www.dropbox.com/scl/fi/f9samle47tlaf7y57nulm/audio_db970762-a76f-4960-85a3-a2aa58be75a1.wav?rlkey=uhj5k7u7bv8szcl0xqwxzipf3&st=eobuzbne&raw=1
2025-08-12 05:33:05,655 - __main__ - INFO - Serving video file...
2025-08-12 05:33:05,655 - __main__ - INFO - Serving file locally: videos/durov.mov
2025-08-12 05:33:05,655 - __main__ - INFO - File size: 56692229 bytes (54.07 MB)
2025-08-12 05:33:05,655 - __main__ - INFO - Using local video URL: http://localhost:8000/files/durov.mov
2025-08-12 05:33:05,655 - __main__ - INFO - Video URL: http://localhost:8000/files/durov.mov
2025-08-12 05:33:05,655 - __main__ - INFO - Audio URL: https://www.dropbox.com/scl/fi/f9samle47tlaf7y57nulm/audio_db970762-a76f-4960-85a3-a2aa58be75a1.wav?rlkey=uhj5k7u7bv8szcl0xqwxzipf3&st=eobuzbne&raw=1
2025-08-12 05:33:05,655 - __main__ - INFO - Creating lipsync generation for task: 7c42e1a0-0edb-49f3-aaff-add2910de28f
2025-08-12 05:33:05,656 - __main__ - INFO - Request data:
2025-08-12 05:33:05,656 - __main__ - INFO -   - Video URL: http://localhost:8000/files/durov.mov
2025-08-12 05:33:05,656 - __main__ - INFO -   - Audio URL: https://www.dropbox.com/scl/fi/f9samle47tlaf7y57nulm/audio_db970762-a76f-4960-85a3-a2aa58be75a1.wav?rlkey=uhj5k7u7bv8szcl0xqwxzipf3&st=eobuzbne&raw=1
2025-08-12 05:33:05,656 - __main__ - INFO -   - Model: lipsync-2
2025-08-12 05:33:05,656 - __main__ - INFO -   - Sync mode: cut_off
2025-08-12 05:33:07,470 - httpx - INFO - HTTP Request: POST https://api.sync.so/v2/generate "HTTP/1.1 500 Internal Server Error"
2025-08-12 05:33:07,471 - __main__ - ERROR - Task 7c42e1a0-0edb-49f3-aaff-add2910de28f: Create generation request failed with status code 500 and error message='Internal server error' status_code=500
2025-08-12 05:33:07,471 - __main__ - INFO - Cleaning up temporary files for task: 7c42e1a0-0edb-49f3-aaff-add2910de28f
2025-08-12 05:33:07,472 - __main__ - INFO - Removed logo file: /tmp/logo_7c42e1a0-0edb-49f3-aaff-add2910de28f.png
2025-08-12 05:33:07,472 - __main__ - INFO - No temporary audio file to clean up
2025-08-12 05:33:07,473 - __main__ - INFO - Status request for task: 7c42e1a0-0edb-49f3-aaff-add2910de28f
2025-08-12 05:33:07,473 - __main__ - INFO - Task 7c42e1a0-0edb-49f3-aaff-add2910de28f current status: error
2025-08-12 05:33:07,473 - __main__ - ERROR - Task 7c42e1a0-0edb-49f3-aaff-add2910de28f failed with error: Create generation request failed with status code 500 and error message='Internal server error' status_code=500
2025-08-12 05:33:07,473 - __main__ - INFO - Task 7c42e1a0-0edb-49f3-aaff-add2910de28f removed from memory
2025-08-12 05:33:07,473 - __main__ - INFO - Returning status for task 7c42e1a0-0edb-49f3-aaff-add2910de28f: {'task_id': '7c42e1a0-0edb-49f3-aaff-add2910de28f', 'status': 'error', 'error': "Create generation request failed with status code 500 and error message='Internal server error' status_code=500"}
2025-08-12 05:33:41,106 - __main__ - INFO - Testing Sync.so SDK connection...
2025-08-12 05:33:41,106 - __main__ - INFO - Sync.so SDK initialized successfully
2025-08-12 05:33:56,138 - __main__ - INFO - Creating video task - video_type: durov, script_length: 131
2025-08-12 05:33:56,142 - __main__ - INFO - Script content: 'Every day, we learn something new, grow stronger, and move closer to our dreams, turning challenges into opportunities for success.'
2025-08-12 05:33:56,142 - __main__ - INFO - Generated task_id: 4a941550-3105-46f4-a615-d58380f7dc93
2025-08-12 05:33:56,143 - __main__ - INFO - Saving logo to: /tmp/logo_4a941550-3105-46f4-a615-d58380f7dc93.png
2025-08-12 05:33:56,144 - __main__ - INFO - Created video task: 4a941550-3105-46f4-a615-d58380f7dc93
2025-08-12 05:33:56,145 - __main__ - INFO - Started background video generation for task: 4a941550-3105-46f4-a615-d58380f7dc93
2025-08-12 05:33:56,149 - __main__ - INFO - Starting video generation for task: 4a941550-3105-46f4-a615-d58380f7dc93
2025-08-12 05:33:56,150 - __main__ - INFO - Task details - video_type: durov, script_length: 131
2025-08-12 05:33:56,150 - __main__ - INFO - Looking for video file: videos/durov.mov
2025-08-12 05:33:56,151 - __main__ - INFO - Video file found: videos/durov.mov
2025-08-12 05:33:56,151 - __main__ - INFO - Generating audio from text using Sync.so TTS for task: 4a941550-3105-46f4-a615-d58380f7dc93
2025-08-12 05:33:56,151 - __main__ - INFO - Generating audio with Sync.so TTS, text: 'Every day, we learn something new, grow stronger, and move closer to our dreams, turning challenges into opportunities for success.', length: 131
2025-08-12 05:33:56,151 - __main__ - INFO - Creating TTS generation with Sync.so
2025-08-12 05:33:56,151 - __main__ - INFO - Downloading audio file from Dropbox for task: 4a941550-3105-46f4-a615-d58380f7dc93
2025-08-12 05:33:56,191 - __main__ - INFO - Status request for task: 4a941550-3105-46f4-a615-d58380f7dc93
2025-08-12 05:33:56,191 - __main__ - INFO - Task 4a941550-3105-46f4-a615-d58380f7dc93 current status: processing
2025-08-12 05:33:57,012 - httpx - INFO - HTTP Request: GET https://www.dropbox.com/scl/fi/f9samle47tlaf7y57nulm/audio_db970762-a76f-4960-85a3-a2aa58be75a1.wav?rlkey=uhj5k7u7bv8szcl0xqwxzipf3&st=eobuzbne&raw=1 "HTTP/1.1 302 Found"
2025-08-12 05:33:57,013 - __main__ - ERROR - Failed to download audio from Dropbox: 302
2025-08-12 05:33:57,013 - __main__ - ERROR - Task 4a941550-3105-46f4-a615-d58380f7dc93: Failed to generate audio with Sync.so TTS
2025-08-12 05:33:57,013 - __main__ - INFO - Cleaning up temporary files for task: 4a941550-3105-46f4-a615-d58380f7dc93
2025-08-12 05:33:57,013 - __main__ - INFO - Removed logo file: /tmp/logo_4a941550-3105-46f4-a615-d58380f7dc93.png
2025-08-12 05:33:57,013 - __main__ - INFO - No temporary audio file to clean up
2025-08-12 05:33:57,192 - __main__ - ERROR - Task 4a941550-3105-46f4-a615-d58380f7dc93 failed with error: Failed to generate audio with Sync.so TTS
2025-08-12 05:33:57,192 - __main__ - INFO - Task 4a941550-3105-46f4-a615-d58380f7dc93 removed from memory
2025-08-12 05:33:57,193 - __main__ - INFO - Returning status for task 4a941550-3105-46f4-a615-d58380f7dc93: {'task_id': '4a941550-3105-46f4-a615-d58380f7dc93', 'status': 'error', 'error': 'Failed to generate audio with Sync.so TTS'}
2025-08-12 05:36:42,263 - __main__ - INFO - Testing Sync.so SDK connection...
2025-08-12 05:36:42,264 - __main__ - INFO - Sync.so SDK initialized successfully
2025-08-12 05:36:44,926 - __main__ - INFO - Creating video task - video_type: durov, script_length: 131
2025-08-12 05:36:44,927 - __main__ - INFO - Script content: 'Every day, we learn something new, grow stronger, and move closer to our dreams, turning challenges into opportunities for success.'
2025-08-12 05:36:44,927 - __main__ - INFO - Generated task_id: 5dd80362-6023-4dc1-acf5-ee340d1ffabb
2025-08-12 05:36:44,927 - __main__ - INFO - Saving logo to: /tmp/logo_5dd80362-6023-4dc1-acf5-ee340d1ffabb.png
2025-08-12 05:36:44,927 - __main__ - INFO - Created video task: 5dd80362-6023-4dc1-acf5-ee340d1ffabb
2025-08-12 05:36:44,927 - __main__ - INFO - Started background video generation for task: 5dd80362-6023-4dc1-acf5-ee340d1ffabb
2025-08-12 05:36:44,929 - __main__ - INFO - Starting video generation for task: 5dd80362-6023-4dc1-acf5-ee340d1ffabb
2025-08-12 05:36:44,929 - __main__ - INFO - Task details - video_type: durov, script_length: 131
2025-08-12 05:36:44,929 - __main__ - INFO - Looking for video file: videos/durov.mov
2025-08-12 05:36:44,929 - __main__ - INFO - Video file found: videos/durov.mov
2025-08-12 05:36:44,929 - __main__ - INFO - Generating audio from text using gTTS for task: 5dd80362-6023-4dc1-acf5-ee340d1ffabb
2025-08-12 05:36:44,929 - __main__ - INFO - Generating audio with Sync.so TTS, text: 'Every day, we learn something new, grow stronger, and move closer to our dreams, turning challenges into opportunities for success.', length: 131
2025-08-12 05:36:44,929 - __main__ - INFO - Creating TTS generation with Sync.so
2025-08-12 05:36:44,929 - __main__ - INFO - Generating audio with gTTS...
2025-08-12 05:36:44,929 - __main__ - INFO - Generating audio from text, length: 131
2025-08-12 05:36:44,929 - __main__ - INFO - Text content: 'Every day, we learn something new, grow stronger, and move closer to our dreams, turning challenges into opportunities for success.'
2025-08-12 05:36:45,157 - __main__ - INFO - Creating gTTS object for English language
2025-08-12 05:36:45,157 - __main__ - INFO - Converting text to audio bytes
2025-08-12 05:36:48,555 - __main__ - INFO - Audio generation successful, size: 86400 bytes
2025-08-12 05:36:48,555 - __main__ - INFO - Audio generated and saved to: videos/audio_5dd80362-6023-4dc1-acf5-ee340d1ffabb.wav
2025-08-12 05:36:48,555 - __main__ - INFO - Using Dropbox audio URL for Sync.so: https://www.dropbox.com/scl/fi/f9samle47tlaf7y57nulm/audio_db970762-a76f-4960-85a3-a2aa58be75a1.wav?rlkey=uhj5k7u7bv8szcl0xqwxzipf3&st=eobuzbne&raw=1
2025-08-12 05:36:48,555 - __main__ - INFO - Audio generated successfully: https://www.dropbox.com/scl/fi/f9samle47tlaf7y57nulm/audio_db970762-a76f-4960-85a3-a2aa58be75a1.wav?rlkey=uhj5k7u7bv8szcl0xqwxzipf3&st=eobuzbne&raw=1
2025-08-12 05:36:48,555 - __main__ - INFO - Using public video URL for Sync.so...
2025-08-12 05:36:48,555 - __main__ - INFO - Using public video URL: https://assets.sync.so/docs/example-video.mp4
2025-08-12 05:36:48,555 - __main__ - INFO - Video URL: https://assets.sync.so/docs/example-video.mp4
2025-08-12 05:36:48,555 - __main__ - INFO - Audio URL: https://www.dropbox.com/scl/fi/f9samle47tlaf7y57nulm/audio_db970762-a76f-4960-85a3-a2aa58be75a1.wav?rlkey=uhj5k7u7bv8szcl0xqwxzipf3&st=eobuzbne&raw=1
2025-08-12 05:36:48,555 - __main__ - INFO - Creating lipsync generation for task: 5dd80362-6023-4dc1-acf5-ee340d1ffabb
2025-08-12 05:36:48,555 - __main__ - INFO - Request data:
2025-08-12 05:36:48,555 - __main__ - INFO -   - Video URL: https://assets.sync.so/docs/example-video.mp4
2025-08-12 05:36:48,555 - __main__ - INFO -   - Audio URL: https://www.dropbox.com/scl/fi/f9samle47tlaf7y57nulm/audio_db970762-a76f-4960-85a3-a2aa58be75a1.wav?rlkey=uhj5k7u7bv8szcl0xqwxzipf3&st=eobuzbne&raw=1
2025-08-12 05:36:48,555 - __main__ - INFO -   - Model: lipsync-2
2025-08-12 05:36:48,555 - __main__ - INFO -   - Sync mode: cut_off
2025-08-12 05:36:52,427 - httpx - INFO - HTTP Request: POST https://api.sync.so/v2/generate "HTTP/1.1 201 Created"
2025-08-12 05:36:52,431 - __main__ - INFO - Generation submitted successfully, job id: f37c3419-5721-4a3a-9385-1fce16aad2e8
2025-08-12 05:36:52,431 - __main__ - INFO - Starting monitoring for task: 5dd80362-6023-4dc1-acf5-ee340d1ffabb, job: f37c3419-5721-4a3a-9385-1fce16aad2e8
2025-08-12 05:36:52,998 - httpx - INFO - HTTP Request: GET https://api.sync.so/v2/generate/f37c3419-5721-4a3a-9385-1fce16aad2e8 "HTTP/1.1 200 OK"
2025-08-12 05:36:52,999 - __main__ - INFO - Generation f37c3419-5721-4a3a-9385-1fce16aad2e8 status: PROCESSING
2025-08-12 05:36:52,999 - __main__ - INFO - Status request for task: 5dd80362-6023-4dc1-acf5-ee340d1ffabb
2025-08-12 05:36:52,999 - __main__ - INFO - Task 5dd80362-6023-4dc1-acf5-ee340d1ffabb current status: processing
2025-08-12 05:37:04,138 - httpx - INFO - HTTP Request: GET https://api.sync.so/v2/generate/f37c3419-5721-4a3a-9385-1fce16aad2e8 "HTTP/1.1 200 OK"
2025-08-12 05:37:04,143 - __main__ - INFO - Generation f37c3419-5721-4a3a-9385-1fce16aad2e8 status: PROCESSING
2025-08-12 05:37:15,177 - httpx - INFO - HTTP Request: GET https://api.sync.so/v2/generate/f37c3419-5721-4a3a-9385-1fce16aad2e8 "HTTP/1.1 200 OK"
2025-08-12 05:37:15,179 - __main__ - INFO - Generation f37c3419-5721-4a3a-9385-1fce16aad2e8 status: PROCESSING
2025-08-12 05:37:26,218 - httpx - INFO - HTTP Request: GET https://api.sync.so/v2/generate/f37c3419-5721-4a3a-9385-1fce16aad2e8 "HTTP/1.1 200 OK"
2025-08-12 05:37:26,219 - __main__ - INFO - Generation f37c3419-5721-4a3a-9385-1fce16aad2e8 status: PROCESSING
2025-08-12 05:37:26,220 - __main__ - INFO - Returning status for task 5dd80362-6023-4dc1-acf5-ee340d1ffabb: {'task_id': '5dd80362-6023-4dc1-acf5-ee340d1ffabb', 'status': 'processing'}
2025-08-12 05:37:31,719 - __main__ - INFO - Status request for task: 5dd80362-6023-4dc1-acf5-ee340d1ffabb
2025-08-12 05:37:31,719 - __main__ - INFO - Task 5dd80362-6023-4dc1-acf5-ee340d1ffabb current status: processing
2025-08-12 05:37:37,695 - httpx - INFO - HTTP Request: GET https://api.sync.so/v2/generate/f37c3419-5721-4a3a-9385-1fce16aad2e8 "HTTP/1.1 200 OK"
2025-08-12 05:37:37,698 - __main__ - INFO - Generation f37c3419-5721-4a3a-9385-1fce16aad2e8 status: PROCESSING
2025-08-12 05:37:48,717 - httpx - INFO - HTTP Request: GET https://api.sync.so/v2/generate/f37c3419-5721-4a3a-9385-1fce16aad2e8 "HTTP/1.1 200 OK"
2025-08-12 05:37:48,721 - __main__ - INFO - Generation f37c3419-5721-4a3a-9385-1fce16aad2e8 status: PROCESSING
2025-08-12 05:38:00,031 - httpx - INFO - HTTP Request: GET https://api.sync.so/v2/generate/f37c3419-5721-4a3a-9385-1fce16aad2e8 "HTTP/1.1 200 OK"
2025-08-12 05:38:00,034 - __main__ - INFO - Generation f37c3419-5721-4a3a-9385-1fce16aad2e8 status: PROCESSING
2025-08-12 05:38:05,038 - __main__ - INFO - Returning status for task 5dd80362-6023-4dc1-acf5-ee340d1ffabb: {'task_id': '5dd80362-6023-4dc1-acf5-ee340d1ffabb', 'status': 'processing'}
2025-08-12 05:38:11,385 - httpx - INFO - HTTP Request: GET https://api.sync.so/v2/generate/f37c3419-5721-4a3a-9385-1fce16aad2e8 "HTTP/1.1 200 OK"
2025-08-12 05:38:11,388 - __main__ - INFO - Generation f37c3419-5721-4a3a-9385-1fce16aad2e8 status: PROCESSING
2025-08-12 05:38:11,388 - __main__ - INFO - Status request for task: 5dd80362-6023-4dc1-acf5-ee340d1ffabb
2025-08-12 05:38:11,389 - __main__ - INFO - Task 5dd80362-6023-4dc1-acf5-ee340d1ffabb current status: processing
2025-08-12 05:38:22,581 - httpx - INFO - HTTP Request: GET https://api.sync.so/v2/generate/f37c3419-5721-4a3a-9385-1fce16aad2e8 "HTTP/1.1 200 OK"
2025-08-12 05:38:22,584 - __main__ - INFO - Generation f37c3419-5721-4a3a-9385-1fce16aad2e8 status: PROCESSING
2025-08-12 05:38:33,991 - httpx - INFO - HTTP Request: GET https://api.sync.so/v2/generate/f37c3419-5721-4a3a-9385-1fce16aad2e8 "HTTP/1.1 200 OK"
2025-08-12 05:38:33,993 - __main__ - INFO - Generation f37c3419-5721-4a3a-9385-1fce16aad2e8 status: PROCESSING
2025-08-12 05:38:45,154 - httpx - INFO - HTTP Request: GET https://api.sync.so/v2/generate/f37c3419-5721-4a3a-9385-1fce16aad2e8 "HTTP/1.1 200 OK"
2025-08-12 05:38:45,156 - __main__ - INFO - Generation f37c3419-5721-4a3a-9385-1fce16aad2e8 status: PROCESSING
2025-08-12 05:38:45,157 - __main__ - INFO - Returning status for task 5dd80362-6023-4dc1-acf5-ee340d1ffabb: {'task_id': '5dd80362-6023-4dc1-acf5-ee340d1ffabb', 'status': 'processing'}
2025-08-12 05:38:50,162 - __main__ - INFO - Status request for task: 5dd80362-6023-4dc1-acf5-ee340d1ffabb
2025-08-12 05:38:50,162 - __main__ - INFO - Task 5dd80362-6023-4dc1-acf5-ee340d1ffabb current status: processing
2025-08-12 05:38:56,402 - httpx - INFO - HTTP Request: GET https://api.sync.so/v2/generate/f37c3419-5721-4a3a-9385-1fce16aad2e8 "HTTP/1.1 200 OK"
2025-08-12 05:38:56,404 - __main__ - INFO - Generation f37c3419-5721-4a3a-9385-1fce16aad2e8 status: COMPLETED
2025-08-12 05:38:56,404 - __main__ - INFO - Task 5dd80362-6023-4dc1-acf5-ee340d1ffabb completed successfully, output_url: https://api.sync.so/v2/generations/f37c3419-5721-4a3a-9385-1fce16aad2e8/result?token=01fd5408-d66b-45f6-81ce-73abae3ee0a4
2025-08-12 05:38:56,404 - __main__ - INFO - Adding logo to video for task: 5dd80362-6023-4dc1-acf5-ee340d1ffabb
2025-08-12 05:38:56,404 - __main__ - INFO - Adding logo to video for task: 5dd80362-6023-4dc1-acf5-ee340d1ffabb
2025-08-12 05:38:56,404 - __main__ - INFO - Video URL: https://api.sync.so/v2/generations/f37c3419-5721-4a3a-9385-1fce16aad2e8/result?token=01fd5408-d66b-45f6-81ce-73abae3ee0a4
2025-08-12 05:38:56,404 - __main__ - INFO - Logo path: /tmp/logo_5dd80362-6023-4dc1-acf5-ee340d1ffabb.png
2025-08-12 05:38:57,181 - httpx - INFO - HTTP Request: GET https://api.sync.so/v2/generations/f37c3419-5721-4a3a-9385-1fce16aad2e8/result?token=01fd5408-d66b-45f6-81ce-73abae3ee0a4 "HTTP/1.1 302 Found"
2025-08-12 05:38:57,183 - __main__ - ERROR - Failed to download video: 302
2025-08-12 05:38:57,183 - __main__ - WARNING - Logo overlay failed, using original video for task: 5dd80362-6023-4dc1-acf5-ee340d1ffabb
2025-08-12 05:38:57,183 - __main__ - INFO - Cleaning up temporary files for task: 5dd80362-6023-4dc1-acf5-ee340d1ffabb
2025-08-12 05:38:57,184 - __main__ - INFO - Removed logo file: /tmp/logo_5dd80362-6023-4dc1-acf5-ee340d1ffabb.png
2025-08-12 05:38:57,184 - __main__ - INFO - No temporary audio file to clean up
2025-08-12 05:38:57,420 - __main__ - INFO - Task 5dd80362-6023-4dc1-acf5-ee340d1ffabb completed, result_url: https://api.sync.so/v2/generations/f37c3419-5721-4a3a-9385-1fce16aad2e8/result?token=01fd5408-d66b-45f6-81ce-73abae3ee0a4
2025-08-12 05:38:57,421 - __main__ - INFO - Task 5dd80362-6023-4dc1-acf5-ee340d1ffabb removed from memory
2025-08-12 05:38:57,421 - __main__ - INFO - Returning status for task 5dd80362-6023-4dc1-acf5-ee340d1ffabb: {'task_id': '5dd80362-6023-4dc1-acf5-ee340d1ffabb', 'status': 'completed', 'result_url': 'https://api.sync.so/v2/generations/f37c3419-5721-4a3a-9385-1fce16aad2e8/result?token=01fd5408-d66b-45f6-81ce-73abae3ee0a4'}
2025-08-12 05:41:29,838 - __main__ - INFO - Creating video task - video_type: durov, script_length: 130
2025-08-12 05:41:29,839 - __main__ - INFO - Script content: 'Every day, we learn something new, grow stronger, and move closer to our dreams, turning challenges into opportunities for success'
2025-08-12 05:41:29,839 - __main__ - INFO - Generated task_id: 690b92f6-22e1-4def-aa51-0f80197a789b
2025-08-12 05:41:29,839 - __main__ - INFO - Saving logo to: /tmp/logo_690b92f6-22e1-4def-aa51-0f80197a789b.png
2025-08-12 05:41:29,839 - __main__ - INFO - Created video task: 690b92f6-22e1-4def-aa51-0f80197a789b
2025-08-12 05:41:29,840 - __main__ - INFO - Started background video generation for task: 690b92f6-22e1-4def-aa51-0f80197a789b
2025-08-12 05:41:29,840 - __main__ - INFO - Starting video generation for task: 690b92f6-22e1-4def-aa51-0f80197a789b
2025-08-12 05:41:29,840 - __main__ - INFO - Task details - video_type: durov, script_length: 130
2025-08-12 05:41:29,841 - __main__ - INFO - Looking for video file: videos/durov.mov
2025-08-12 05:41:29,841 - __main__ - INFO - Video file found: videos/durov.mov
2025-08-12 05:41:29,841 - __main__ - INFO - Generating audio from text using gTTS for task: 690b92f6-22e1-4def-aa51-0f80197a789b
2025-08-12 05:41:29,841 - __main__ - INFO - Generating audio with Sync.so TTS, text: 'Every day, we learn something new, grow stronger, and move closer to our dreams, turning challenges into opportunities for success', length: 130
2025-08-12 05:41:29,841 - __main__ - INFO - Creating TTS generation with Sync.so
2025-08-12 05:41:29,841 - __main__ - INFO - Generating audio with gTTS...
2025-08-12 05:41:29,842 - __main__ - INFO - Generating audio from text, length: 130
2025-08-12 05:41:29,842 - __main__ - INFO - Text content: 'Every day, we learn something new, grow stronger, and move closer to our dreams, turning challenges into opportunities for success'
2025-08-12 05:41:29,842 - __main__ - INFO - Creating gTTS object for English language
2025-08-12 05:41:29,842 - __main__ - INFO - Converting text to audio bytes
2025-08-12 05:41:33,635 - __main__ - INFO - Audio generation successful, size: 86400 bytes
2025-08-12 05:41:33,638 - __main__ - INFO - Audio generated and saved to: videos/audio_690b92f6-22e1-4def-aa51-0f80197a789b.wav
2025-08-12 05:41:33,638 - __main__ - INFO - Using Dropbox audio URL for Sync.so: https://www.dropbox.com/scl/fi/f9samle47tlaf7y57nulm/audio_db970762-a76f-4960-85a3-a2aa58be75a1.wav?rlkey=uhj5k7u7bv8szcl0xqwxzipf3&st=eobuzbne&raw=1
2025-08-12 05:41:33,638 - __main__ - INFO - Audio generated successfully: https://www.dropbox.com/scl/fi/f9samle47tlaf7y57nulm/audio_db970762-a76f-4960-85a3-a2aa58be75a1.wav?rlkey=uhj5k7u7bv8szcl0xqwxzipf3&st=eobuzbne&raw=1
2025-08-12 05:41:33,638 - __main__ - INFO - Using public video URL for Sync.so...
2025-08-12 05:41:33,638 - __main__ - INFO - Using public video URL: https://assets.sync.so/docs/example-video.mp4
2025-08-12 05:41:33,638 - __main__ - INFO - Video URL: https://assets.sync.so/docs/example-video.mp4
2025-08-12 05:41:33,638 - __main__ - INFO - Audio URL: https://www.dropbox.com/scl/fi/f9samle47tlaf7y57nulm/audio_db970762-a76f-4960-85a3-a2aa58be75a1.wav?rlkey=uhj5k7u7bv8szcl0xqwxzipf3&st=eobuzbne&raw=1
2025-08-12 05:41:33,638 - __main__ - INFO - Creating lipsync generation for task: 690b92f6-22e1-4def-aa51-0f80197a789b
2025-08-12 05:41:33,638 - __main__ - INFO - Request data:
2025-08-12 05:41:33,638 - __main__ - INFO -   - Video URL: https://assets.sync.so/docs/example-video.mp4
2025-08-12 05:41:33,638 - __main__ - INFO -   - Audio URL: https://www.dropbox.com/scl/fi/f9samle47tlaf7y57nulm/audio_db970762-a76f-4960-85a3-a2aa58be75a1.wav?rlkey=uhj5k7u7bv8szcl0xqwxzipf3&st=eobuzbne&raw=1
2025-08-12 05:41:33,638 - __main__ - INFO -   - Model: lipsync-2
2025-08-12 05:41:33,638 - __main__ - INFO -   - Sync mode: cut_off
2025-08-12 05:41:36,773 - httpx - INFO - HTTP Request: POST https://api.sync.so/v2/generate "HTTP/1.1 201 Created"
2025-08-12 05:41:36,774 - __main__ - INFO - Generation submitted successfully, job id: 9446965e-fe81-44d5-9731-0b2473fd253a
2025-08-12 05:41:36,774 - __main__ - INFO - Starting monitoring for task: 690b92f6-22e1-4def-aa51-0f80197a789b, job: 9446965e-fe81-44d5-9731-0b2473fd253a
2025-08-12 05:41:37,334 - httpx - INFO - HTTP Request: GET https://api.sync.so/v2/generate/9446965e-fe81-44d5-9731-0b2473fd253a "HTTP/1.1 200 OK"
2025-08-12 05:41:37,335 - __main__ - INFO - Generation 9446965e-fe81-44d5-9731-0b2473fd253a status: PENDING
2025-08-12 05:41:37,335 - __main__ - INFO - Status request for task: 690b92f6-22e1-4def-aa51-0f80197a789b
2025-08-12 05:41:37,335 - __main__ - INFO - Task 690b92f6-22e1-4def-aa51-0f80197a789b current status: processing
2025-08-12 05:41:48,594 - httpx - INFO - HTTP Request: GET https://api.sync.so/v2/generate/9446965e-fe81-44d5-9731-0b2473fd253a "HTTP/1.1 200 OK"
2025-08-12 05:41:48,596 - __main__ - INFO - Generation 9446965e-fe81-44d5-9731-0b2473fd253a status: PROCESSING
2025-08-12 05:41:59,671 - httpx - INFO - HTTP Request: GET https://api.sync.so/v2/generate/9446965e-fe81-44d5-9731-0b2473fd253a "HTTP/1.1 200 OK"
2025-08-12 05:41:59,674 - __main__ - INFO - Generation 9446965e-fe81-44d5-9731-0b2473fd253a status: PROCESSING
2025-08-12 05:42:10,856 - httpx - INFO - HTTP Request: GET https://api.sync.so/v2/generate/9446965e-fe81-44d5-9731-0b2473fd253a "HTTP/1.1 200 OK"
2025-08-12 05:42:10,861 - __main__ - INFO - Generation 9446965e-fe81-44d5-9731-0b2473fd253a status: PROCESSING
2025-08-12 05:42:10,861 - __main__ - INFO - Returning status for task 690b92f6-22e1-4def-aa51-0f80197a789b: {'task_id': '690b92f6-22e1-4def-aa51-0f80197a789b', 'status': 'processing'}
2025-08-12 05:42:16,720 - __main__ - INFO - Status request for task: 690b92f6-22e1-4def-aa51-0f80197a789b
2025-08-12 05:42:16,721 - __main__ - INFO - Task 690b92f6-22e1-4def-aa51-0f80197a789b current status: processing
2025-08-12 05:42:22,669 - httpx - INFO - HTTP Request: GET https://api.sync.so/v2/generate/9446965e-fe81-44d5-9731-0b2473fd253a "HTTP/1.1 200 OK"
2025-08-12 05:42:22,672 - __main__ - INFO - Generation 9446965e-fe81-44d5-9731-0b2473fd253a status: PROCESSING
2025-08-12 05:42:33,785 - httpx - INFO - HTTP Request: GET https://api.sync.so/v2/generate/9446965e-fe81-44d5-9731-0b2473fd253a "HTTP/1.1 200 OK"
2025-08-12 05:42:33,791 - __main__ - INFO - Generation 9446965e-fe81-44d5-9731-0b2473fd253a status: PROCESSING
2025-08-12 05:42:45,365 - httpx - INFO - HTTP Request: GET https://api.sync.so/v2/generate/9446965e-fe81-44d5-9731-0b2473fd253a "HTTP/1.1 200 OK"
2025-08-12 05:42:45,369 - __main__ - INFO - Generation 9446965e-fe81-44d5-9731-0b2473fd253a status: PROCESSING
2025-08-12 05:42:50,374 - __main__ - INFO - Returning status for task 690b92f6-22e1-4def-aa51-0f80197a789b: {'task_id': '690b92f6-22e1-4def-aa51-0f80197a789b', 'status': 'processing'}
2025-08-12 05:42:56,476 - httpx - INFO - HTTP Request: GET https://api.sync.so/v2/generate/9446965e-fe81-44d5-9731-0b2473fd253a "HTTP/1.1 200 OK"
2025-08-12 05:42:56,477 - __main__ - INFO - Generation 9446965e-fe81-44d5-9731-0b2473fd253a status: PROCESSING
2025-08-12 05:42:56,477 - __main__ - INFO - Status request for task: 690b92f6-22e1-4def-aa51-0f80197a789b
2025-08-12 05:42:56,477 - __main__ - INFO - Task 690b92f6-22e1-4def-aa51-0f80197a789b current status: processing
2025-08-12 05:43:07,493 - httpx - INFO - HTTP Request: GET https://api.sync.so/v2/generate/9446965e-fe81-44d5-9731-0b2473fd253a "HTTP/1.1 200 OK"
2025-08-12 05:43:07,496 - __main__ - INFO - Generation 9446965e-fe81-44d5-9731-0b2473fd253a status: PROCESSING
2025-08-12 05:43:18,819 - httpx - INFO - HTTP Request: GET https://api.sync.so/v2/generate/9446965e-fe81-44d5-9731-0b2473fd253a "HTTP/1.1 200 OK"
2025-08-12 05:43:18,820 - __main__ - INFO - Generation 9446965e-fe81-44d5-9731-0b2473fd253a status: PROCESSING
2025-08-12 05:43:29,905 - httpx - INFO - HTTP Request: GET https://api.sync.so/v2/generate/9446965e-fe81-44d5-9731-0b2473fd253a "HTTP/1.1 200 OK"
2025-08-12 05:43:29,907 - __main__ - INFO - Generation 9446965e-fe81-44d5-9731-0b2473fd253a status: COMPLETED
2025-08-12 05:43:29,908 - __main__ - INFO - Task 690b92f6-22e1-4def-aa51-0f80197a789b completed successfully, output_url: https://api.sync.so/v2/generations/9446965e-fe81-44d5-9731-0b2473fd253a/result?token=134d237e-28a9-42b8-a7c3-391eee8e6747
2025-08-12 05:43:29,908 - __main__ - INFO - Adding logo to video for task: 690b92f6-22e1-4def-aa51-0f80197a789b
2025-08-12 05:43:29,908 - __main__ - INFO - Adding logo to video for task: 690b92f6-22e1-4def-aa51-0f80197a789b
2025-08-12 05:43:29,908 - __main__ - INFO - Video URL: https://api.sync.so/v2/generations/9446965e-fe81-44d5-9731-0b2473fd253a/result?token=134d237e-28a9-42b8-a7c3-391eee8e6747
2025-08-12 05:43:29,908 - __main__ - INFO - Logo path: /tmp/logo_690b92f6-22e1-4def-aa51-0f80197a789b.png
2025-08-12 05:43:29,919 - __main__ - INFO - Returning status for task 690b92f6-22e1-4def-aa51-0f80197a789b: {'task_id': '690b92f6-22e1-4def-aa51-0f80197a789b', 'status': 'processing'}
2025-08-12 05:43:30,713 - httpx - INFO - HTTP Request: GET https://api.sync.so/v2/generations/9446965e-fe81-44d5-9731-0b2473fd253a/result?token=134d237e-28a9-42b8-a7c3-391eee8e6747 "HTTP/1.1 302 Found"
2025-08-12 05:43:30,714 - __main__ - ERROR - Failed to download video: 302
2025-08-12 05:43:30,715 - __main__ - WARNING - Logo overlay failed, using original video for task: 690b92f6-22e1-4def-aa51-0f80197a789b
2025-08-12 05:43:30,715 - __main__ - INFO - Cleaning up temporary files for task: 690b92f6-22e1-4def-aa51-0f80197a789b
2025-08-12 05:43:30,716 - __main__ - INFO - Removed logo file: /tmp/logo_690b92f6-22e1-4def-aa51-0f80197a789b.png
2025-08-12 05:43:30,716 - __main__ - INFO - No temporary audio file to clean up
2025-08-12 05:43:35,746 - __main__ - INFO - Status request for task: 690b92f6-22e1-4def-aa51-0f80197a789b
2025-08-12 05:43:35,746 - __main__ - INFO - Task 690b92f6-22e1-4def-aa51-0f80197a789b current status: completed
2025-08-12 05:43:35,747 - __main__ - INFO - Task 690b92f6-22e1-4def-aa51-0f80197a789b completed, result_url: https://api.sync.so/v2/generations/9446965e-fe81-44d5-9731-0b2473fd253a/result?token=134d237e-28a9-42b8-a7c3-391eee8e6747
2025-08-12 05:43:35,747 - __main__ - INFO - Task 690b92f6-22e1-4def-aa51-0f80197a789b removed from memory
2025-08-12 05:43:35,747 - __main__ - INFO - Returning status for task 690b92f6-22e1-4def-aa51-0f80197a789b: {'task_id': '690b92f6-22e1-4def-aa51-0f80197a789b', 'status': 'completed', 'result_url': 'https://api.sync.so/v2/generations/9446965e-fe81-44d5-9731-0b2473fd253a/result?token=134d237e-28a9-42b8-a7c3-391eee8e6747'}
2025-08-12 05:43:44,482 - __main__ - INFO - Testing Sync.so SDK connection...
2025-08-12 05:43:44,482 - __main__ - INFO - Sync.so SDK initialized successfully
2025-08-12 05:44:15,235 - __main__ - INFO - Creating video task - video_type: durov, script_length: 130
2025-08-12 05:44:15,236 - __main__ - INFO - Script content: 'Every day, we learn something new, grow stronger, and move closer to our dreams, turning challenges into opportunities for success'
2025-08-12 05:44:15,236 - __main__ - INFO - Generated task_id: b85cc5de-7dac-4aad-8d6c-fa386d81511a
2025-08-12 05:44:15,237 - __main__ - INFO - Saving logo to: /tmp/logo_b85cc5de-7dac-4aad-8d6c-fa386d81511a.png
2025-08-12 05:44:15,242 - __main__ - INFO - Logo saved successfully to: /tmp/logo_b85cc5de-7dac-4aad-8d6c-fa386d81511a.png
2025-08-12 05:44:15,242 - __main__ - INFO - Logo file verified: /tmp/logo_b85cc5de-7dac-4aad-8d6c-fa386d81511a.png, size: 4894541 bytes
2025-08-12 05:44:15,242 - __main__ - INFO - Created video task: b85cc5de-7dac-4aad-8d6c-fa386d81511a
2025-08-12 05:44:15,242 - __main__ - INFO - Started background video generation for task: b85cc5de-7dac-4aad-8d6c-fa386d81511a
2025-08-12 05:44:15,243 - __main__ - INFO - Starting video generation for task: b85cc5de-7dac-4aad-8d6c-fa386d81511a
2025-08-12 05:44:15,243 - __main__ - INFO - Task details - video_type: durov, script_length: 130
2025-08-12 05:44:15,243 - __main__ - INFO - Looking for video file: videos/durov.mov
2025-08-12 05:44:15,243 - __main__ - INFO - Video file found: videos/durov.mov
2025-08-12 05:44:15,243 - __main__ - INFO - Generating audio from text using gTTS for task: b85cc5de-7dac-4aad-8d6c-fa386d81511a
2025-08-12 05:44:15,243 - __main__ - INFO - Generating audio with Sync.so TTS, text: 'Every day, we learn something new, grow stronger, and move closer to our dreams, turning challenges into opportunities for success', length: 130
2025-08-12 05:44:15,243 - __main__ - INFO - Creating TTS generation with Sync.so
2025-08-12 05:44:15,243 - __main__ - INFO - Generating audio with gTTS...
2025-08-12 05:44:15,243 - __main__ - INFO - Generating audio from text, length: 130
2025-08-12 05:44:15,244 - __main__ - INFO - Text content: 'Every day, we learn something new, grow stronger, and move closer to our dreams, turning challenges into opportunities for success'
2025-08-12 05:44:15,299 - __main__ - INFO - Creating gTTS object for English language
2025-08-12 05:44:15,299 - __main__ - INFO - Converting text to audio bytes
2025-08-12 05:44:56,553 - __main__ - INFO - Audio generation successful, size: 86400 bytes
2025-08-12 05:44:56,553 - __main__ - INFO - Audio generated and saved to: videos/audio_b85cc5de-7dac-4aad-8d6c-fa386d81511a.wav
2025-08-12 05:44:56,554 - __main__ - INFO - Using Dropbox audio URL for Sync.so: https://www.dropbox.com/scl/fi/f9samle47tlaf7y57nulm/audio_db970762-a76f-4960-85a3-a2aa58be75a1.wav?rlkey=uhj5k7u7bv8szcl0xqwxzipf3&st=eobuzbne&raw=1
2025-08-12 05:44:56,554 - __main__ - INFO - Audio generated successfully: https://www.dropbox.com/scl/fi/f9samle47tlaf7y57nulm/audio_db970762-a76f-4960-85a3-a2aa58be75a1.wav?rlkey=uhj5k7u7bv8szcl0xqwxzipf3&st=eobuzbne&raw=1
2025-08-12 05:44:56,554 - __main__ - INFO - Using public video URL for Sync.so...
2025-08-12 05:44:56,554 - __main__ - INFO - Using public video URL: https://assets.sync.so/docs/example-video.mp4
2025-08-12 05:44:56,554 - __main__ - INFO - Video URL: https://assets.sync.so/docs/example-video.mp4
2025-08-12 05:44:56,554 - __main__ - INFO - Audio URL: https://www.dropbox.com/scl/fi/f9samle47tlaf7y57nulm/audio_db970762-a76f-4960-85a3-a2aa58be75a1.wav?rlkey=uhj5k7u7bv8szcl0xqwxzipf3&st=eobuzbne&raw=1
2025-08-12 05:44:56,554 - __main__ - INFO - Creating lipsync generation for task: b85cc5de-7dac-4aad-8d6c-fa386d81511a
2025-08-12 05:44:56,554 - __main__ - INFO - Request data:
2025-08-12 05:44:56,554 - __main__ - INFO -   - Video URL: https://assets.sync.so/docs/example-video.mp4
2025-08-12 05:44:56,554 - __main__ - INFO -   - Audio URL: https://www.dropbox.com/scl/fi/f9samle47tlaf7y57nulm/audio_db970762-a76f-4960-85a3-a2aa58be75a1.wav?rlkey=uhj5k7u7bv8szcl0xqwxzipf3&st=eobuzbne&raw=1
2025-08-12 05:44:56,554 - __main__ - INFO -   - Model: lipsync-2
2025-08-12 05:44:56,554 - __main__ - INFO -   - Sync mode: cut_off
2025-08-12 05:44:59,651 - httpx - INFO - HTTP Request: POST https://api.sync.so/v2/generate "HTTP/1.1 201 Created"
2025-08-12 05:44:59,652 - __main__ - INFO - Generation submitted successfully, job id: b3482843-fd7c-418a-815f-1d582ef241c1
2025-08-12 05:44:59,652 - __main__ - INFO - Starting monitoring for task: b85cc5de-7dac-4aad-8d6c-fa386d81511a, job: b3482843-fd7c-418a-815f-1d582ef241c1
2025-08-12 05:45:00,157 - httpx - INFO - HTTP Request: GET https://api.sync.so/v2/generate/b3482843-fd7c-418a-815f-1d582ef241c1 "HTTP/1.1 200 OK"
2025-08-12 05:45:00,158 - __main__ - INFO - Generation b3482843-fd7c-418a-815f-1d582ef241c1 status: PROCESSING
2025-08-12 05:45:00,158 - __main__ - INFO - Status request for task: b85cc5de-7dac-4aad-8d6c-fa386d81511a
2025-08-12 05:45:00,158 - __main__ - INFO - Task b85cc5de-7dac-4aad-8d6c-fa386d81511a current status: processing
2025-08-12 05:45:11,234 - httpx - INFO - HTTP Request: GET https://api.sync.so/v2/generate/b3482843-fd7c-418a-815f-1d582ef241c1 "HTTP/1.1 200 OK"
2025-08-12 05:45:11,237 - __main__ - INFO - Generation b3482843-fd7c-418a-815f-1d582ef241c1 status: PROCESSING
2025-08-12 05:45:22,774 - httpx - INFO - HTTP Request: GET https://api.sync.so/v2/generate/b3482843-fd7c-418a-815f-1d582ef241c1 "HTTP/1.1 200 OK"
2025-08-12 05:45:22,776 - __main__ - INFO - Generation b3482843-fd7c-418a-815f-1d582ef241c1 status: PROCESSING
2025-08-12 05:45:33,895 - httpx - INFO - HTTP Request: GET https://api.sync.so/v2/generate/b3482843-fd7c-418a-815f-1d582ef241c1 "HTTP/1.1 200 OK"
2025-08-12 05:45:33,898 - __main__ - INFO - Generation b3482843-fd7c-418a-815f-1d582ef241c1 status: PROCESSING
2025-08-12 05:45:33,898 - __main__ - INFO - Returning status for task b85cc5de-7dac-4aad-8d6c-fa386d81511a: {'task_id': 'b85cc5de-7dac-4aad-8d6c-fa386d81511a', 'status': 'processing'}
2025-08-12 05:45:39,739 - __main__ - INFO - Status request for task: b85cc5de-7dac-4aad-8d6c-fa386d81511a
2025-08-12 05:45:39,739 - __main__ - INFO - Task b85cc5de-7dac-4aad-8d6c-fa386d81511a current status: processing
2025-08-12 05:45:44,937 - httpx - INFO - HTTP Request: GET https://api.sync.so/v2/generate/b3482843-fd7c-418a-815f-1d582ef241c1 "HTTP/1.1 200 OK"
2025-08-12 05:45:44,942 - __main__ - INFO - Generation b3482843-fd7c-418a-815f-1d582ef241c1 status: PROCESSING
2025-08-12 05:45:56,007 - httpx - INFO - HTTP Request: GET https://api.sync.so/v2/generate/b3482843-fd7c-418a-815f-1d582ef241c1 "HTTP/1.1 200 OK"
2025-08-12 05:45:56,011 - __main__ - INFO - Generation b3482843-fd7c-418a-815f-1d582ef241c1 status: PROCESSING
2025-08-12 05:46:07,316 - httpx - INFO - HTTP Request: GET https://api.sync.so/v2/generate/b3482843-fd7c-418a-815f-1d582ef241c1 "HTTP/1.1 200 OK"
2025-08-12 05:46:07,321 - __main__ - INFO - Generation b3482843-fd7c-418a-815f-1d582ef241c1 status: PROCESSING
2025-08-12 05:46:12,326 - __main__ - INFO - Returning status for task b85cc5de-7dac-4aad-8d6c-fa386d81511a: {'task_id': 'b85cc5de-7dac-4aad-8d6c-fa386d81511a', 'status': 'processing'}
2025-08-12 05:46:18,378 - httpx - INFO - HTTP Request: GET https://api.sync.so/v2/generate/b3482843-fd7c-418a-815f-1d582ef241c1 "HTTP/1.1 200 OK"
2025-08-12 05:46:18,380 - __main__ - INFO - Generation b3482843-fd7c-418a-815f-1d582ef241c1 status: PROCESSING
2025-08-12 05:46:18,380 - __main__ - INFO - Status request for task: b85cc5de-7dac-4aad-8d6c-fa386d81511a
2025-08-12 05:46:18,380 - __main__ - INFO - Task b85cc5de-7dac-4aad-8d6c-fa386d81511a current status: processing
2025-08-12 05:46:29,536 - httpx - INFO - HTTP Request: GET https://api.sync.so/v2/generate/b3482843-fd7c-418a-815f-1d582ef241c1 "HTTP/1.1 200 OK"
2025-08-12 05:46:29,541 - __main__ - INFO - Generation b3482843-fd7c-418a-815f-1d582ef241c1 status: PROCESSING
2025-08-12 05:46:40,615 - httpx - INFO - HTTP Request: GET https://api.sync.so/v2/generate/b3482843-fd7c-418a-815f-1d582ef241c1 "HTTP/1.1 200 OK"
2025-08-12 05:46:40,619 - __main__ - INFO - Generation b3482843-fd7c-418a-815f-1d582ef241c1 status: PROCESSING
2025-08-12 05:46:51,462 - httpx - INFO - HTTP Request: GET https://api.sync.so/v2/generate/b3482843-fd7c-418a-815f-1d582ef241c1 "HTTP/1.1 200 OK"
2025-08-12 05:46:51,467 - __main__ - INFO - Generation b3482843-fd7c-418a-815f-1d582ef241c1 status: PROCESSING
2025-08-12 05:46:51,467 - __main__ - INFO - Returning status for task b85cc5de-7dac-4aad-8d6c-fa386d81511a: {'task_id': 'b85cc5de-7dac-4aad-8d6c-fa386d81511a', 'status': 'processing'}
2025-08-12 05:46:56,473 - __main__ - INFO - Status request for task: b85cc5de-7dac-4aad-8d6c-fa386d81511a
2025-08-12 05:46:56,473 - __main__ - INFO - Task b85cc5de-7dac-4aad-8d6c-fa386d81511a current status: processing
2025-08-12 05:47:02,937 - httpx - INFO - HTTP Request: GET https://api.sync.so/v2/generate/b3482843-fd7c-418a-815f-1d582ef241c1 "HTTP/1.1 200 OK"
2025-08-12 05:47:02,941 - __main__ - INFO - Generation b3482843-fd7c-418a-815f-1d582ef241c1 status: COMPLETED
2025-08-12 05:47:02,941 - __main__ - INFO - Task b85cc5de-7dac-4aad-8d6c-fa386d81511a completed successfully, output_url: https://api.sync.so/v2/generations/b3482843-fd7c-418a-815f-1d582ef241c1/result?token=2d96c388-7d2d-4969-a85a-24e1909e23e5
2025-08-12 05:47:02,941 - __main__ - INFO - Logo path exists: /tmp/logo_b85cc5de-7dac-4aad-8d6c-fa386d81511a.png
2025-08-12 05:47:02,941 - __main__ - INFO - Logo file exists and has size: 4894541 bytes
2025-08-12 05:47:02,941 - __main__ - INFO - Adding logo to video for task: b85cc5de-7dac-4aad-8d6c-fa386d81511a
2025-08-12 05:47:02,942 - __main__ - INFO - Adding logo to video for task: b85cc5de-7dac-4aad-8d6c-fa386d81511a
2025-08-12 05:47:02,942 - __main__ - INFO - Video URL: https://api.sync.so/v2/generations/b3482843-fd7c-418a-815f-1d582ef241c1/result?token=2d96c388-7d2d-4969-a85a-24e1909e23e5
2025-08-12 05:47:02,942 - __main__ - INFO - Logo path: /tmp/logo_b85cc5de-7dac-4aad-8d6c-fa386d81511a.png
2025-08-12 05:47:03,717 - httpx - INFO - HTTP Request: GET https://api.sync.so/v2/generations/b3482843-fd7c-418a-815f-1d582ef241c1/result?token=2d96c388-7d2d-4969-a85a-24e1909e23e5 "HTTP/1.1 302 Found"
2025-08-12 05:47:03,717 - __main__ - ERROR - Failed to download video: 302
2025-08-12 05:47:03,717 - __main__ - WARNING - Logo overlay failed, using original video for task: b85cc5de-7dac-4aad-8d6c-fa386d81511a
2025-08-12 05:47:03,720 - __main__ - INFO - Removed logo file after failed overlay: /tmp/logo_b85cc5de-7dac-4aad-8d6c-fa386d81511a.png
2025-08-12 05:47:03,720 - __main__ - INFO - Cleaning up temporary files for task: b85cc5de-7dac-4aad-8d6c-fa386d81511a
2025-08-12 05:47:03,720 - __main__ - INFO - No temporary audio file to clean up
2025-08-12 05:47:03,953 - __main__ - INFO - Task b85cc5de-7dac-4aad-8d6c-fa386d81511a completed, result_url: https://api.sync.so/v2/generations/b3482843-fd7c-418a-815f-1d582ef241c1/result?token=2d96c388-7d2d-4969-a85a-24e1909e23e5
2025-08-12 05:47:03,954 - __main__ - INFO - Task b85cc5de-7dac-4aad-8d6c-fa386d81511a removed from memory
2025-08-12 05:47:03,954 - __main__ - INFO - Returning status for task b85cc5de-7dac-4aad-8d6c-fa386d81511a: {'task_id': 'b85cc5de-7dac-4aad-8d6c-fa386d81511a', 'status': 'completed', 'result_url': 'https://api.sync.so/v2/generations/b3482843-fd7c-418a-815f-1d582ef241c1/result?token=2d96c388-7d2d-4969-a85a-24e1909e23e5'}
2025-08-12 05:47:19,237 - __main__ - INFO - Health check request, active tasks: 0
2025-08-12 05:47:19,237 - __main__ - INFO - Health check request, active tasks: 0
2025-08-12 05:49:35,739 - __main__ - INFO - Creating video task - video_type: durov, script_length: 21
2025-08-12 05:49:35,740 - __main__ - INFO - Script content: 'Test script with logo'
2025-08-12 05:49:35,740 - __main__ - INFO - Generated task_id: 417a7f2d-6951-445a-a684-2667e4f306f4
2025-08-12 05:49:35,740 - __main__ - INFO - Saving logo to: /tmp/logo_417a7f2d-6951-445a-a684-2667e4f306f4.png
2025-08-12 05:49:35,740 - __main__ - INFO - Logo saved successfully to: /tmp/logo_417a7f2d-6951-445a-a684-2667e4f306f4.png
2025-08-12 05:49:35,740 - __main__ - INFO - Logo file verified: /tmp/logo_417a7f2d-6951-445a-a684-2667e4f306f4.png, size: 33 bytes
2025-08-12 05:49:35,740 - __main__ - INFO - Created video task: 417a7f2d-6951-445a-a684-2667e4f306f4
2025-08-12 05:49:35,740 - __main__ - INFO - Started background video generation for task: 417a7f2d-6951-445a-a684-2667e4f306f4
2025-08-12 05:49:35,741 - __main__ - INFO - Starting video generation for task: 417a7f2d-6951-445a-a684-2667e4f306f4
2025-08-12 05:49:35,741 - __main__ - INFO - Task details - video_type: durov, script_length: 21
2025-08-12 05:49:35,741 - __main__ - INFO - Looking for video file: videos/durov.mov
2025-08-12 05:49:35,741 - __main__ - INFO - Video file found: videos/durov.mov
2025-08-12 05:49:35,741 - __main__ - INFO - Generating audio from text using gTTS for task: 417a7f2d-6951-445a-a684-2667e4f306f4
2025-08-12 05:49:35,741 - __main__ - INFO - Generating audio with Sync.so TTS, text: 'Test script with logo', length: 21
2025-08-12 05:49:35,741 - __main__ - INFO - Creating TTS generation with Sync.so
2025-08-12 05:49:35,741 - __main__ - INFO - Generating audio with gTTS...
2025-08-12 05:49:35,741 - __main__ - INFO - Generating audio from text, length: 21
2025-08-12 05:49:35,741 - __main__ - INFO - Text content: 'Test script with logo'
2025-08-12 05:49:35,741 - __main__ - INFO - Creating gTTS object for English language
2025-08-12 05:49:35,742 - __main__ - INFO - Converting text to audio bytes
2025-08-12 05:49:36,470 - __main__ - INFO - Audio generation successful, size: 18816 bytes
2025-08-12 05:49:36,470 - __main__ - INFO - Audio generated and saved to: videos/audio_417a7f2d-6951-445a-a684-2667e4f306f4.wav
2025-08-12 05:49:36,471 - __main__ - INFO - Using Dropbox audio URL for Sync.so: https://www.dropbox.com/scl/fi/f9samle47tlaf7y57nulm/audio_db970762-a76f-4960-85a3-a2aa58be75a1.wav?rlkey=uhj5k7u7bv8szcl0xqwxzipf3&st=eobuzbne&raw=1
2025-08-12 05:49:36,471 - __main__ - INFO - Audio generated successfully: https://www.dropbox.com/scl/fi/f9samle47tlaf7y57nulm/audio_db970762-a76f-4960-85a3-a2aa58be75a1.wav?rlkey=uhj5k7u7bv8szcl0xqwxzipf3&st=eobuzbne&raw=1
2025-08-12 05:49:36,471 - __main__ - INFO - Using public video URL for Sync.so...
2025-08-12 05:49:36,471 - __main__ - INFO - Using public video URL: https://assets.sync.so/docs/example-video.mp4
2025-08-12 05:49:36,471 - __main__ - INFO - Video URL: https://assets.sync.so/docs/example-video.mp4
2025-08-12 05:49:36,471 - __main__ - INFO - Audio URL: https://www.dropbox.com/scl/fi/f9samle47tlaf7y57nulm/audio_db970762-a76f-4960-85a3-a2aa58be75a1.wav?rlkey=uhj5k7u7bv8szcl0xqwxzipf3&st=eobuzbne&raw=1
2025-08-12 05:49:36,471 - __main__ - INFO - Creating lipsync generation for task: 417a7f2d-6951-445a-a684-2667e4f306f4
2025-08-12 05:49:36,471 - __main__ - INFO - Request data:
2025-08-12 05:49:36,471 - __main__ - INFO -   - Video URL: https://assets.sync.so/docs/example-video.mp4
2025-08-12 05:49:36,471 - __main__ - INFO -   - Audio URL: https://www.dropbox.com/scl/fi/f9samle47tlaf7y57nulm/audio_db970762-a76f-4960-85a3-a2aa58be75a1.wav?rlkey=uhj5k7u7bv8szcl0xqwxzipf3&st=eobuzbne&raw=1
2025-08-12 05:49:36,471 - __main__ - INFO -   - Model: lipsync-2
2025-08-12 05:49:36,471 - __main__ - INFO -   - Sync mode: cut_off
2025-08-12 05:49:39,805 - httpx - INFO - HTTP Request: POST https://api.sync.so/v2/generate "HTTP/1.1 201 Created"
2025-08-12 05:49:39,807 - __main__ - INFO - Generation submitted successfully, job id: 2d252ba7-e01b-4104-ae2b-891d8b34b0ef
2025-08-12 05:49:39,807 - __main__ - INFO - Starting monitoring for task: 417a7f2d-6951-445a-a684-2667e4f306f4, job: 2d252ba7-e01b-4104-ae2b-891d8b34b0ef
2025-08-12 05:49:40,325 - httpx - INFO - HTTP Request: GET https://api.sync.so/v2/generate/2d252ba7-e01b-4104-ae2b-891d8b34b0ef "HTTP/1.1 200 OK"
2025-08-12 05:49:40,326 - __main__ - INFO - Generation 2d252ba7-e01b-4104-ae2b-891d8b34b0ef status: PROCESSING
2025-08-12 05:49:40,326 - __main__ - INFO - Status request for task: 417a7f2d-6951-445a-a684-2667e4f306f4
2025-08-12 05:49:40,326 - __main__ - INFO - Task 417a7f2d-6951-445a-a684-2667e4f306f4 current status: processing
2025-08-12 05:49:51,417 - httpx - INFO - HTTP Request: GET https://api.sync.so/v2/generate/2d252ba7-e01b-4104-ae2b-891d8b34b0ef "HTTP/1.1 200 OK"
2025-08-12 05:49:51,419 - __main__ - INFO - Generation 2d252ba7-e01b-4104-ae2b-891d8b34b0ef status: PROCESSING
2025-08-12 05:50:02,709 - httpx - INFO - HTTP Request: GET https://api.sync.so/v2/generate/2d252ba7-e01b-4104-ae2b-891d8b34b0ef "HTTP/1.1 200 OK"
2025-08-12 05:50:02,710 - __main__ - INFO - Generation 2d252ba7-e01b-4104-ae2b-891d8b34b0ef status: PROCESSING
2025-08-12 05:50:13,787 - httpx - INFO - HTTP Request: GET https://api.sync.so/v2/generate/2d252ba7-e01b-4104-ae2b-891d8b34b0ef "HTTP/1.1 200 OK"
2025-08-12 05:50:13,789 - __main__ - INFO - Generation 2d252ba7-e01b-4104-ae2b-891d8b34b0ef status: PROCESSING
2025-08-12 05:50:13,790 - __main__ - INFO - Returning status for task 417a7f2d-6951-445a-a684-2667e4f306f4: {'task_id': '417a7f2d-6951-445a-a684-2667e4f306f4', 'status': 'processing'}
2025-08-12 05:50:24,871 - httpx - INFO - HTTP Request: GET https://api.sync.so/v2/generate/2d252ba7-e01b-4104-ae2b-891d8b34b0ef "HTTP/1.1 200 OK"
2025-08-12 05:50:24,872 - __main__ - INFO - Generation 2d252ba7-e01b-4104-ae2b-891d8b34b0ef status: PROCESSING
2025-08-12 05:50:36,083 - httpx - INFO - HTTP Request: GET https://api.sync.so/v2/generate/2d252ba7-e01b-4104-ae2b-891d8b34b0ef "HTTP/1.1 200 OK"
2025-08-12 05:50:36,084 - __main__ - INFO - Generation 2d252ba7-e01b-4104-ae2b-891d8b34b0ef status: PROCESSING
2025-08-12 05:50:36,084 - __main__ - INFO - Status request for task: 417a7f2d-6951-445a-a684-2667e4f306f4
2025-08-12 05:50:36,085 - __main__ - INFO - Task 417a7f2d-6951-445a-a684-2667e4f306f4 current status: processing
2025-08-12 05:50:47,186 - httpx - INFO - HTTP Request: GET https://api.sync.so/v2/generate/2d252ba7-e01b-4104-ae2b-891d8b34b0ef "HTTP/1.1 200 OK"
2025-08-12 05:50:47,186 - __main__ - INFO - Generation 2d252ba7-e01b-4104-ae2b-891d8b34b0ef status: PROCESSING
2025-08-12 05:50:58,257 - httpx - INFO - HTTP Request: GET https://api.sync.so/v2/generate/2d252ba7-e01b-4104-ae2b-891d8b34b0ef "HTTP/1.1 200 OK"
2025-08-12 05:50:58,259 - __main__ - INFO - Generation 2d252ba7-e01b-4104-ae2b-891d8b34b0ef status: PROCESSING
2025-08-12 05:51:09,445 - httpx - INFO - HTTP Request: GET https://api.sync.so/v2/generate/2d252ba7-e01b-4104-ae2b-891d8b34b0ef "HTTP/1.1 200 OK"
2025-08-12 05:51:09,445 - __main__ - INFO - Generation 2d252ba7-e01b-4104-ae2b-891d8b34b0ef status: PROCESSING
2025-08-12 05:51:09,446 - __main__ - INFO - Returning status for task 417a7f2d-6951-445a-a684-2667e4f306f4: {'task_id': '417a7f2d-6951-445a-a684-2667e4f306f4', 'status': 'processing'}
2025-08-12 05:51:20,552 - httpx - INFO - HTTP Request: GET https://api.sync.so/v2/generate/2d252ba7-e01b-4104-ae2b-891d8b34b0ef "HTTP/1.1 200 OK"
2025-08-12 05:51:20,553 - __main__ - INFO - Generation 2d252ba7-e01b-4104-ae2b-891d8b34b0ef status: PROCESSING
2025-08-12 05:51:31,817 - httpx - INFO - HTTP Request: GET https://api.sync.so/v2/generate/2d252ba7-e01b-4104-ae2b-891d8b34b0ef "HTTP/1.1 200 OK"
2025-08-12 05:51:31,829 - __main__ - INFO - Generation 2d252ba7-e01b-4104-ae2b-891d8b34b0ef status: PROCESSING
2025-08-12 05:51:43,152 - httpx - INFO - HTTP Request: GET https://api.sync.so/v2/generate/2d252ba7-e01b-4104-ae2b-891d8b34b0ef "HTTP/1.1 200 OK"
2025-08-12 05:51:43,155 - __main__ - INFO - Generation 2d252ba7-e01b-4104-ae2b-891d8b34b0ef status: COMPLETED
2025-08-12 05:51:43,155 - __main__ - INFO - Task 417a7f2d-6951-445a-a684-2667e4f306f4 completed successfully, output_url: https://api.sync.so/v2/generations/2d252ba7-e01b-4104-ae2b-891d8b34b0ef/result?token=7bf50eed-4ba9-4e15-833d-0748698ab684
2025-08-12 05:51:43,155 - __main__ - INFO - Logo path exists: /tmp/logo_417a7f2d-6951-445a-a684-2667e4f306f4.png
2025-08-12 05:51:43,155 - __main__ - INFO - Logo file exists and has size: 33 bytes
2025-08-12 05:51:43,155 - __main__ - INFO - Adding logo to video for task: 417a7f2d-6951-445a-a684-2667e4f306f4
2025-08-12 05:51:43,155 - __main__ - INFO - Adding logo to video for task: 417a7f2d-6951-445a-a684-2667e4f306f4
2025-08-12 05:51:43,155 - __main__ - INFO - Video URL: https://api.sync.so/v2/generations/2d252ba7-e01b-4104-ae2b-891d8b34b0ef/result?token=7bf50eed-4ba9-4e15-833d-0748698ab684
2025-08-12 05:51:43,155 - __main__ - INFO - Logo path: /tmp/logo_417a7f2d-6951-445a-a684-2667e4f306f4.png
2025-08-12 05:51:43,781 - httpx - INFO - HTTP Request: GET https://api.sync.so/v2/generations/2d252ba7-e01b-4104-ae2b-891d8b34b0ef/result?token=7bf50eed-4ba9-4e15-833d-0748698ab684 "HTTP/1.1 302 Found"
2025-08-12 05:51:43,783 - __main__ - ERROR - Failed to download video: 302
2025-08-12 05:51:43,784 - __main__ - WARNING - Logo overlay failed, using original video for task: 417a7f2d-6951-445a-a684-2667e4f306f4
2025-08-12 05:51:43,786 - __main__ - INFO - Removed logo file after failed overlay: /tmp/logo_417a7f2d-6951-445a-a684-2667e4f306f4.png
2025-08-12 05:51:43,786 - __main__ - INFO - Cleaning up temporary files for task: 417a7f2d-6951-445a-a684-2667e4f306f4
2025-08-12 05:51:43,786 - __main__ - INFO - No temporary audio file to clean up
2025-08-12 05:54:11,072 - __main__ - INFO - Testing Sync.so SDK connection...
2025-08-12 05:54:11,072 - __main__ - INFO - Sync.so SDK initialized successfully
2025-08-12 05:54:36,153 - __main__ - INFO - Testing Sync.so SDK connection...
2025-08-12 05:54:36,153 - __main__ - INFO - Sync.so SDK initialized successfully
2025-08-12 05:55:05,528 - __main__ - INFO - Received create-video request
2025-08-12 05:55:05,529 - __main__ - INFO - Script length: 130
2025-08-12 05:55:05,529 - __main__ - INFO - Video type: durov
2025-08-12 05:55:05,529 - __main__ - INFO - Logo provided: True
2025-08-12 05:55:05,529 - __main__ - INFO - Logo filename: LOGOSL.png
2025-08-12 05:55:05,529 - __main__ - INFO - Logo content type: image/png
2025-08-12 05:55:05,529 - __main__ - INFO - Logo size: 84565
2025-08-12 05:55:05,529 - __main__ - INFO - Creating video task - video_type: durov, script_length: 130
2025-08-12 05:55:05,529 - __main__ - INFO - Script content: 'Every day, we learn something new, grow stronger, and move closer to our dreams, turning challenges into opportunities for success'
2025-08-12 05:55:05,529 - __main__ - INFO - Generated task_id: e6d23a26-299a-49fa-ab79-c023fc81183e
2025-08-12 05:55:05,529 - __main__ - INFO - Saving logo to: /tmp/logo_e6d23a26-299a-49fa-ab79-c023fc81183e.png
2025-08-12 05:55:05,529 - __main__ - INFO - Read logo content, size: 84565 bytes
2025-08-12 05:55:05,529 - __main__ - INFO - Logo saved successfully to: /tmp/logo_e6d23a26-299a-49fa-ab79-c023fc81183e.png
2025-08-12 05:55:05,529 - __main__ - INFO - Logo file verified: /tmp/logo_e6d23a26-299a-49fa-ab79-c023fc81183e.png, size: 84565 bytes
2025-08-12 05:55:05,529 - __main__ - INFO - Created video task: e6d23a26-299a-49fa-ab79-c023fc81183e
2025-08-12 05:55:05,529 - __main__ - INFO - Started background video generation for task: e6d23a26-299a-49fa-ab79-c023fc81183e
2025-08-12 05:55:05,530 - __main__ - INFO - Starting video generation for task: e6d23a26-299a-49fa-ab79-c023fc81183e
2025-08-12 05:55:05,530 - __main__ - INFO - Task details - video_type: durov, script_length: 130
2025-08-12 05:55:05,530 - __main__ - INFO - Looking for video file: videos/durov.mov
2025-08-12 05:55:05,530 - __main__ - INFO - Video file found: videos/durov.mov
2025-08-12 05:55:05,530 - __main__ - INFO - Generating audio from text using gTTS for task: e6d23a26-299a-49fa-ab79-c023fc81183e
2025-08-12 05:55:05,530 - __main__ - INFO - Generating audio with Sync.so TTS, text: 'Every day, we learn something new, grow stronger, and move closer to our dreams, turning challenges into opportunities for success', length: 130
2025-08-12 05:55:05,530 - __main__ - INFO - Creating TTS generation with Sync.so
2025-08-12 05:55:05,530 - __main__ - INFO - Generating audio with gTTS...
2025-08-12 05:55:05,530 - __main__ - INFO - Generating audio from text, length: 130
2025-08-12 05:55:05,530 - __main__ - INFO - Text content: 'Every day, we learn something new, grow stronger, and move closer to our dreams, turning challenges into opportunities for success'
2025-08-12 05:55:05,584 - __main__ - INFO - Creating gTTS object for English language
2025-08-12 05:55:05,584 - __main__ - INFO - Converting text to audio bytes
2025-08-12 05:55:08,565 - __main__ - INFO - Audio generation successful, size: 86400 bytes
2025-08-12 05:55:08,566 - __main__ - INFO - Audio generated and saved to: videos/audio_e6d23a26-299a-49fa-ab79-c023fc81183e.wav
2025-08-12 05:55:08,566 - __main__ - INFO - Using Dropbox audio URL for Sync.so: https://www.dropbox.com/scl/fi/f9samle47tlaf7y57nulm/audio_db970762-a76f-4960-85a3-a2aa58be75a1.wav?rlkey=uhj5k7u7bv8szcl0xqwxzipf3&st=eobuzbne&raw=1
2025-08-12 05:55:08,566 - __main__ - INFO - Audio generated successfully: https://www.dropbox.com/scl/fi/f9samle47tlaf7y57nulm/audio_db970762-a76f-4960-85a3-a2aa58be75a1.wav?rlkey=uhj5k7u7bv8szcl0xqwxzipf3&st=eobuzbne&raw=1
2025-08-12 05:55:08,566 - __main__ - INFO - Using public video URL for Sync.so...
2025-08-12 05:55:08,566 - __main__ - INFO - Using public video URL: https://assets.sync.so/docs/example-video.mp4
2025-08-12 05:55:08,566 - __main__ - INFO - Video URL: https://assets.sync.so/docs/example-video.mp4
2025-08-12 05:55:08,566 - __main__ - INFO - Audio URL: https://www.dropbox.com/scl/fi/f9samle47tlaf7y57nulm/audio_db970762-a76f-4960-85a3-a2aa58be75a1.wav?rlkey=uhj5k7u7bv8szcl0xqwxzipf3&st=eobuzbne&raw=1
2025-08-12 05:55:08,566 - __main__ - INFO - Creating lipsync generation for task: e6d23a26-299a-49fa-ab79-c023fc81183e
2025-08-12 05:55:08,566 - __main__ - INFO - Request data:
2025-08-12 05:55:08,566 - __main__ - INFO -   - Video URL: https://assets.sync.so/docs/example-video.mp4
2025-08-12 05:55:08,566 - __main__ - INFO -   - Audio URL: https://www.dropbox.com/scl/fi/f9samle47tlaf7y57nulm/audio_db970762-a76f-4960-85a3-a2aa58be75a1.wav?rlkey=uhj5k7u7bv8szcl0xqwxzipf3&st=eobuzbne&raw=1
2025-08-12 05:55:08,566 - __main__ - INFO -   - Model: lipsync-2
2025-08-12 05:55:08,566 - __main__ - INFO -   - Sync mode: cut_off
2025-08-12 05:55:11,706 - httpx - INFO - HTTP Request: POST https://api.sync.so/v2/generate "HTTP/1.1 201 Created"
2025-08-12 05:55:11,708 - __main__ - INFO - Generation submitted successfully, job id: 3a9e588d-e2cb-4f1a-9ba5-4ea4ceecf559
2025-08-12 05:55:11,708 - __main__ - INFO - Starting monitoring for task: e6d23a26-299a-49fa-ab79-c023fc81183e, job: 3a9e588d-e2cb-4f1a-9ba5-4ea4ceecf559
2025-08-12 05:55:12,184 - httpx - INFO - HTTP Request: GET https://api.sync.so/v2/generate/3a9e588d-e2cb-4f1a-9ba5-4ea4ceecf559 "HTTP/1.1 200 OK"
2025-08-12 05:55:12,187 - __main__ - INFO - Generation 3a9e588d-e2cb-4f1a-9ba5-4ea4ceecf559 status: PENDING
2025-08-12 05:55:12,188 - __main__ - INFO - Status request for task: e6d23a26-299a-49fa-ab79-c023fc81183e
2025-08-12 05:55:12,188 - __main__ - INFO - Task e6d23a26-299a-49fa-ab79-c023fc81183e current status: processing
2025-08-12 05:55:23,521 - httpx - INFO - HTTP Request: GET https://api.sync.so/v2/generate/3a9e588d-e2cb-4f1a-9ba5-4ea4ceecf559 "HTTP/1.1 200 OK"
2025-08-12 05:55:23,525 - __main__ - INFO - Generation 3a9e588d-e2cb-4f1a-9ba5-4ea4ceecf559 status: PROCESSING
2025-08-12 05:55:34,698 - httpx - INFO - HTTP Request: GET https://api.sync.so/v2/generate/3a9e588d-e2cb-4f1a-9ba5-4ea4ceecf559 "HTTP/1.1 200 OK"
2025-08-12 05:55:34,702 - __main__ - INFO - Generation 3a9e588d-e2cb-4f1a-9ba5-4ea4ceecf559 status: PROCESSING
2025-08-12 05:55:45,757 - httpx - INFO - HTTP Request: GET https://api.sync.so/v2/generate/3a9e588d-e2cb-4f1a-9ba5-4ea4ceecf559 "HTTP/1.1 200 OK"
2025-08-12 05:55:45,760 - __main__ - INFO - Generation 3a9e588d-e2cb-4f1a-9ba5-4ea4ceecf559 status: PROCESSING
2025-08-12 05:55:45,761 - __main__ - INFO - Returning status for task e6d23a26-299a-49fa-ab79-c023fc81183e: {'task_id': 'e6d23a26-299a-49fa-ab79-c023fc81183e', 'status': 'processing'}
2025-08-12 05:55:45,862 - __main__ - INFO - Cleaning up temporary files for task: e6d23a26-299a-49fa-ab79-c023fc81183e
2025-08-12 05:55:45,862 - __main__ - INFO - No temporary audio file to clean up
2025-08-12 05:56:29,936 - __main__ - INFO - Testing Sync.so SDK connection...
2025-08-12 05:56:29,936 - __main__ - INFO - Sync.so SDK initialized successfully
2025-08-12 05:56:32,741 - __main__ - INFO - Status request for task: e6d23a26-299a-49fa-ab79-c023fc81183e
2025-08-12 05:56:32,742 - __main__ - WARNING - Task not found: e6d23a26-299a-49fa-ab79-c023fc81183e
2025-08-12 05:56:33,991 - __main__ - INFO - Health check request, active tasks: 0
2025-08-12 05:56:33,991 - __main__ - INFO - Health check request, active tasks: 0
2025-08-12 05:56:50,340 - __main__ - INFO - Received create-video request
2025-08-12 05:56:50,340 - __main__ - INFO - Script length: 130
2025-08-12 05:56:50,340 - __main__ - INFO - Video type: durov
2025-08-12 05:56:50,341 - __main__ - INFO - Logo provided: True
2025-08-12 05:56:50,341 - __main__ - INFO - Logo filename: LOGOSL.png
2025-08-12 05:56:50,341 - __main__ - INFO - Logo content type: image/png
2025-08-12 05:56:50,341 - __main__ - INFO - Logo size: 84565
2025-08-12 05:56:50,341 - __main__ - INFO - Creating video task - video_type: durov, script_length: 130
2025-08-12 05:56:50,341 - __main__ - INFO - Script content: 'Every day, we learn something new, grow stronger, and move closer to our dreams, turning challenges into opportunities for success'
2025-08-12 05:56:50,341 - __main__ - INFO - Generated task_id: b01fd447-27a1-4a7c-a136-a0356a0a3a71
2025-08-12 05:56:50,341 - __main__ - INFO - Saving logo to: /tmp/logo_b01fd447-27a1-4a7c-a136-a0356a0a3a71.png
2025-08-12 05:56:50,341 - __main__ - INFO - Read logo content, size: 84565 bytes
2025-08-12 05:56:50,341 - __main__ - INFO - Logo saved successfully to: /tmp/logo_b01fd447-27a1-4a7c-a136-a0356a0a3a71.png
2025-08-12 05:56:50,341 - __main__ - INFO - Logo file verified: /tmp/logo_b01fd447-27a1-4a7c-a136-a0356a0a3a71.png, size: 84565 bytes
2025-08-12 05:56:50,341 - __main__ - INFO - Created video task: b01fd447-27a1-4a7c-a136-a0356a0a3a71
2025-08-12 05:56:50,341 - __main__ - INFO - Started background video generation for task: b01fd447-27a1-4a7c-a136-a0356a0a3a71
2025-08-12 05:56:50,342 - __main__ - INFO - Starting video generation for task: b01fd447-27a1-4a7c-a136-a0356a0a3a71
2025-08-12 05:56:50,342 - __main__ - INFO - Task details - video_type: durov, script_length: 130
2025-08-12 05:56:50,342 - __main__ - INFO - Looking for video file: videos/durov.mov
2025-08-12 05:56:50,342 - __main__ - INFO - Video file found: videos/durov.mov
2025-08-12 05:56:50,342 - __main__ - INFO - Generating audio from text using gTTS for task: b01fd447-27a1-4a7c-a136-a0356a0a3a71
2025-08-12 05:56:50,342 - __main__ - INFO - Generating audio with Sync.so TTS, text: 'Every day, we learn something new, grow stronger, and move closer to our dreams, turning challenges into opportunities for success', length: 130
2025-08-12 05:56:50,342 - __main__ - INFO - Creating TTS generation with Sync.so
2025-08-12 05:56:50,342 - __main__ - INFO - Generating audio with gTTS...
2025-08-12 05:56:50,342 - __main__ - INFO - Generating audio from text, length: 130
2025-08-12 05:56:50,342 - __main__ - INFO - Text content: 'Every day, we learn something new, grow stronger, and move closer to our dreams, turning challenges into opportunities for success'
2025-08-12 05:56:50,398 - __main__ - INFO - Creating gTTS object for English language
2025-08-12 05:56:50,399 - __main__ - INFO - Converting text to audio bytes
2025-08-12 05:56:53,426 - __main__ - INFO - Audio generation successful, size: 86400 bytes
2025-08-12 05:56:53,426 - __main__ - INFO - Audio generated and saved to: videos/audio_b01fd447-27a1-4a7c-a136-a0356a0a3a71.wav
2025-08-12 05:56:53,426 - __main__ - INFO - Using Dropbox audio URL for Sync.so: https://www.dropbox.com/scl/fi/f9samle47tlaf7y57nulm/audio_db970762-a76f-4960-85a3-a2aa58be75a1.wav?rlkey=uhj5k7u7bv8szcl0xqwxzipf3&st=eobuzbne&raw=1
2025-08-12 05:56:53,426 - __main__ - INFO - Audio generated successfully: https://www.dropbox.com/scl/fi/f9samle47tlaf7y57nulm/audio_db970762-a76f-4960-85a3-a2aa58be75a1.wav?rlkey=uhj5k7u7bv8szcl0xqwxzipf3&st=eobuzbne&raw=1
2025-08-12 05:56:53,426 - __main__ - INFO - Using public video URL for Sync.so...
2025-08-12 05:56:53,426 - __main__ - INFO - Using public video URL: https://assets.sync.so/docs/example-video.mp4
2025-08-12 05:56:53,426 - __main__ - INFO - Video URL: https://assets.sync.so/docs/example-video.mp4
2025-08-12 05:56:53,426 - __main__ - INFO - Audio URL: https://www.dropbox.com/scl/fi/f9samle47tlaf7y57nulm/audio_db970762-a76f-4960-85a3-a2aa58be75a1.wav?rlkey=uhj5k7u7bv8szcl0xqwxzipf3&st=eobuzbne&raw=1
2025-08-12 05:56:53,426 - __main__ - INFO - Creating lipsync generation for task: b01fd447-27a1-4a7c-a136-a0356a0a3a71
2025-08-12 05:56:53,427 - __main__ - INFO - Request data:
2025-08-12 05:56:53,427 - __main__ - INFO -   - Video URL: https://assets.sync.so/docs/example-video.mp4
2025-08-12 05:56:53,427 - __main__ - INFO -   - Audio URL: https://www.dropbox.com/scl/fi/f9samle47tlaf7y57nulm/audio_db970762-a76f-4960-85a3-a2aa58be75a1.wav?rlkey=uhj5k7u7bv8szcl0xqwxzipf3&st=eobuzbne&raw=1
2025-08-12 05:56:53,427 - __main__ - INFO -   - Model: lipsync-2
2025-08-12 05:56:53,427 - __main__ - INFO -   - Sync mode: cut_off
2025-08-12 05:56:56,032 - httpx - INFO - HTTP Request: POST https://api.sync.so/v2/generate "HTTP/1.1 422 Unprocessable Entity"
2025-08-12 05:56:56,033 - __main__ - ERROR - Task b01fd447-27a1-4a7c-a136-a0356a0a3a71: Create generation request failed with status code 422 and error {'message': 'Media not accessible', 'error': 'Unprocessable Entity', 'statusCode': 422}
2025-08-12 05:56:56,033 - __main__ - INFO - Cleaning up temporary files for task: b01fd447-27a1-4a7c-a136-a0356a0a3a71
2025-08-12 05:56:56,033 - __main__ - INFO - No temporary audio file to clean up
2025-08-12 05:56:56,033 - __main__ - INFO - Status request for task: b01fd447-27a1-4a7c-a136-a0356a0a3a71
2025-08-12 05:56:56,033 - __main__ - INFO - Task b01fd447-27a1-4a7c-a136-a0356a0a3a71 current status: error
2025-08-12 05:56:56,033 - __main__ - ERROR - Task b01fd447-27a1-4a7c-a136-a0356a0a3a71 failed with error: Create generation request failed with status code 422 and error {'message': 'Media not accessible', 'error': 'Unprocessable Entity', 'statusCode': 422}
2025-08-12 05:56:56,033 - __main__ - INFO - Task b01fd447-27a1-4a7c-a136-a0356a0a3a71 removed from memory
2025-08-12 05:56:56,033 - __main__ - INFO - Returning status for task b01fd447-27a1-4a7c-a136-a0356a0a3a71: {'task_id': 'b01fd447-27a1-4a7c-a136-a0356a0a3a71', 'status': 'error', 'error': "Create generation request failed with status code 422 and error {'message': 'Media not accessible', 'error': 'Unprocessable Entity', 'statusCode': 422}"}
2025-08-12 05:58:16,181 - __main__ - INFO - Testing Sync.so SDK connection...
2025-08-12 05:58:16,181 - __main__ - INFO - Sync.so SDK initialized successfully
2025-08-12 05:58:23,781 - __main__ - INFO - Received create-video request
2025-08-12 05:58:23,781 - __main__ - INFO - Script length: 130
2025-08-12 05:58:23,781 - __main__ - INFO - Video type: durov
2025-08-12 05:58:23,781 - __main__ - INFO - Logo provided: True
2025-08-12 05:58:23,781 - __main__ - INFO - Logo filename: LOGOSL.png
2025-08-12 05:58:23,781 - __main__ - INFO - Logo content type: image/png
2025-08-12 05:58:23,781 - __main__ - INFO - Logo size: 84565
2025-08-12 05:58:23,781 - __main__ - INFO - Creating video task - video_type: durov, script_length: 130
2025-08-12 05:58:23,781 - __main__ - INFO - Script content: 'Every day, we learn something new, grow stronger, and move closer to our dreams, turning challenges into opportunities for success'
2025-08-12 05:58:23,781 - __main__ - INFO - Generated task_id: cf2fa20c-386c-4a74-84d7-fa63ebf720a7
2025-08-12 05:58:23,781 - __main__ - INFO - Saving logo to: /tmp/logo_cf2fa20c-386c-4a74-84d7-fa63ebf720a7.png
2025-08-12 05:58:23,781 - __main__ - INFO - Read logo content, size: 84565 bytes
2025-08-12 05:58:23,782 - __main__ - INFO - Logo saved successfully to: /tmp/logo_cf2fa20c-386c-4a74-84d7-fa63ebf720a7.png
2025-08-12 05:58:23,782 - __main__ - INFO - Logo file verified: /tmp/logo_cf2fa20c-386c-4a74-84d7-fa63ebf720a7.png, size: 84565 bytes
2025-08-12 05:58:23,782 - __main__ - INFO - Created video task: cf2fa20c-386c-4a74-84d7-fa63ebf720a7
2025-08-12 05:58:23,782 - __main__ - INFO - Started background video generation for task: cf2fa20c-386c-4a74-84d7-fa63ebf720a7
2025-08-12 05:58:23,783 - __main__ - INFO - Starting video generation for task: cf2fa20c-386c-4a74-84d7-fa63ebf720a7
2025-08-12 05:58:23,783 - __main__ - INFO - Task details - video_type: durov, script_length: 130
2025-08-12 05:58:23,783 - __main__ - INFO - Looking for video file: videos/durov.mov
2025-08-12 05:58:23,783 - __main__ - INFO - Video file found: videos/durov.mov
2025-08-12 05:58:23,783 - __main__ - INFO - Generating audio from text using gTTS for task: cf2fa20c-386c-4a74-84d7-fa63ebf720a7
2025-08-12 05:58:23,783 - __main__ - INFO - Generating audio with Sync.so TTS, text: 'Every day, we learn something new, grow stronger, and move closer to our dreams, turning challenges into opportunities for success', length: 130
2025-08-12 05:58:23,783 - __main__ - INFO - Creating TTS generation with Sync.so
2025-08-12 05:58:23,783 - __main__ - INFO - Generating audio with gTTS...
2025-08-12 05:58:23,783 - __main__ - INFO - Generating audio from text, length: 130
2025-08-12 05:58:23,783 - __main__ - INFO - Text content: 'Every day, we learn something new, grow stronger, and move closer to our dreams, turning challenges into opportunities for success'
2025-08-12 05:58:23,833 - __main__ - INFO - Creating gTTS object for English language
2025-08-12 05:58:23,833 - __main__ - INFO - Converting text to audio bytes
2025-08-12 05:58:27,252 - __main__ - INFO - Audio generation successful, size: 86400 bytes
2025-08-12 05:58:27,252 - __main__ - INFO - Audio generated and saved to: videos/audio_cf2fa20c-386c-4a74-84d7-fa63ebf720a7.wav
2025-08-12 05:58:27,252 - __main__ - INFO - Using Dropbox audio URL for Sync.so: https://www.dropbox.com/scl/fi/f9samle47tlaf7y57nulm/audio_db970762-a76f-4960-85a3-a2aa58be75a1.wav?rlkey=uhj5k7u7bv8szcl0xqwxzipf3&st=eobuzbne&raw=1
2025-08-12 05:58:27,252 - __main__ - INFO - Audio generated successfully: https://www.dropbox.com/scl/fi/f9samle47tlaf7y57nulm/audio_db970762-a76f-4960-85a3-a2aa58be75a1.wav?rlkey=uhj5k7u7bv8szcl0xqwxzipf3&st=eobuzbne&raw=1
2025-08-12 05:58:27,252 - __main__ - INFO - Using public video URL for Sync.so...
2025-08-12 05:58:27,252 - __main__ - INFO - Using public video URL: https://assets.sync.so/docs/example-video.mp4
2025-08-12 05:58:27,252 - __main__ - INFO - Video URL: https://assets.sync.so/docs/example-video.mp4
2025-08-12 05:58:27,252 - __main__ - INFO - Audio URL: https://www.dropbox.com/scl/fi/f9samle47tlaf7y57nulm/audio_db970762-a76f-4960-85a3-a2aa58be75a1.wav?rlkey=uhj5k7u7bv8szcl0xqwxzipf3&st=eobuzbne&raw=1
2025-08-12 05:58:27,252 - __main__ - INFO - Creating lipsync generation for task: cf2fa20c-386c-4a74-84d7-fa63ebf720a7
2025-08-12 05:58:27,252 - __main__ - INFO - Request data:
2025-08-12 05:58:27,252 - __main__ - INFO -   - Video URL: https://assets.sync.so/docs/example-video.mp4
2025-08-12 05:58:27,252 - __main__ - INFO -   - Audio URL: https://www.dropbox.com/scl/fi/f9samle47tlaf7y57nulm/audio_db970762-a76f-4960-85a3-a2aa58be75a1.wav?rlkey=uhj5k7u7bv8szcl0xqwxzipf3&st=eobuzbne&raw=1
2025-08-12 05:58:27,252 - __main__ - INFO -   - Model: lipsync-2
2025-08-12 05:58:27,252 - __main__ - INFO -   - Sync mode: cut_off
2025-08-12 05:58:30,037 - httpx - INFO - HTTP Request: POST https://api.sync.so/v2/generate "HTTP/1.1 201 Created"
2025-08-12 05:58:30,042 - __main__ - INFO - Generation submitted successfully, job id: ee3be6c1-4a3d-4dad-862d-9b3a1e582d72
2025-08-12 05:58:30,042 - __main__ - INFO - Starting monitoring for task: cf2fa20c-386c-4a74-84d7-fa63ebf720a7, job: ee3be6c1-4a3d-4dad-862d-9b3a1e582d72
2025-08-12 05:58:30,615 - httpx - INFO - HTTP Request: GET https://api.sync.so/v2/generate/ee3be6c1-4a3d-4dad-862d-9b3a1e582d72 "HTTP/1.1 200 OK"
2025-08-12 05:58:30,616 - __main__ - INFO - Generation ee3be6c1-4a3d-4dad-862d-9b3a1e582d72 status: PROCESSING
2025-08-12 05:58:30,616 - __main__ - INFO - Status request for task: cf2fa20c-386c-4a74-84d7-fa63ebf720a7
2025-08-12 05:58:30,616 - __main__ - INFO - Task cf2fa20c-386c-4a74-84d7-fa63ebf720a7 current status: processing
2025-08-12 05:58:41,657 - httpx - INFO - HTTP Request: GET https://api.sync.so/v2/generate/ee3be6c1-4a3d-4dad-862d-9b3a1e582d72 "HTTP/1.1 200 OK"
2025-08-12 05:58:41,661 - __main__ - INFO - Generation ee3be6c1-4a3d-4dad-862d-9b3a1e582d72 status: PROCESSING
2025-08-12 05:58:52,802 - httpx - INFO - HTTP Request: GET https://api.sync.so/v2/generate/ee3be6c1-4a3d-4dad-862d-9b3a1e582d72 "HTTP/1.1 200 OK"
2025-08-12 05:58:52,805 - __main__ - INFO - Generation ee3be6c1-4a3d-4dad-862d-9b3a1e582d72 status: PROCESSING
2025-08-12 05:59:03,889 - httpx - INFO - HTTP Request: GET https://api.sync.so/v2/generate/ee3be6c1-4a3d-4dad-862d-9b3a1e582d72 "HTTP/1.1 200 OK"
2025-08-12 05:59:03,894 - __main__ - INFO - Generation ee3be6c1-4a3d-4dad-862d-9b3a1e582d72 status: PROCESSING
2025-08-12 05:59:03,894 - __main__ - INFO - Returning status for task cf2fa20c-386c-4a74-84d7-fa63ebf720a7: {'task_id': 'cf2fa20c-386c-4a74-84d7-fa63ebf720a7', 'status': 'processing'}
2025-08-12 05:59:08,925 - __main__ - INFO - Status request for task: cf2fa20c-386c-4a74-84d7-fa63ebf720a7
2025-08-12 05:59:08,926 - __main__ - INFO - Task cf2fa20c-386c-4a74-84d7-fa63ebf720a7 current status: processing
2025-08-12 05:59:15,008 - httpx - INFO - HTTP Request: GET https://api.sync.so/v2/generate/ee3be6c1-4a3d-4dad-862d-9b3a1e582d72 "HTTP/1.1 200 OK"
2025-08-12 05:59:15,009 - __main__ - INFO - Generation ee3be6c1-4a3d-4dad-862d-9b3a1e582d72 status: PROCESSING
2025-08-12 05:59:26,008 - httpx - INFO - HTTP Request: GET https://api.sync.so/v2/generate/ee3be6c1-4a3d-4dad-862d-9b3a1e582d72 "HTTP/1.1 200 OK"
2025-08-12 05:59:26,011 - __main__ - INFO - Generation ee3be6c1-4a3d-4dad-862d-9b3a1e582d72 status: PROCESSING
2025-08-12 05:59:37,124 - httpx - INFO - HTTP Request: GET https://api.sync.so/v2/generate/ee3be6c1-4a3d-4dad-862d-9b3a1e582d72 "HTTP/1.1 200 OK"
2025-08-12 05:59:37,127 - __main__ - INFO - Generation ee3be6c1-4a3d-4dad-862d-9b3a1e582d72 status: PROCESSING
2025-08-12 05:59:42,132 - __main__ - INFO - Returning status for task cf2fa20c-386c-4a74-84d7-fa63ebf720a7: {'task_id': 'cf2fa20c-386c-4a74-84d7-fa63ebf720a7', 'status': 'processing'}
2025-08-12 05:59:48,273 - httpx - INFO - HTTP Request: GET https://api.sync.so/v2/generate/ee3be6c1-4a3d-4dad-862d-9b3a1e582d72 "HTTP/1.1 200 OK"
2025-08-12 05:59:48,275 - __main__ - INFO - Generation ee3be6c1-4a3d-4dad-862d-9b3a1e582d72 status: PROCESSING
2025-08-12 05:59:48,276 - __main__ - INFO - Status request for task: cf2fa20c-386c-4a74-84d7-fa63ebf720a7
2025-08-12 05:59:48,276 - __main__ - INFO - Task cf2fa20c-386c-4a74-84d7-fa63ebf720a7 current status: processing
2025-08-12 05:59:59,427 - httpx - INFO - HTTP Request: GET https://api.sync.so/v2/generate/ee3be6c1-4a3d-4dad-862d-9b3a1e582d72 "HTTP/1.1 200 OK"
2025-08-12 05:59:59,430 - __main__ - INFO - Generation ee3be6c1-4a3d-4dad-862d-9b3a1e582d72 status: PROCESSING
2025-08-12 06:00:10,550 - httpx - INFO - HTTP Request: GET https://api.sync.so/v2/generate/ee3be6c1-4a3d-4dad-862d-9b3a1e582d72 "HTTP/1.1 200 OK"
2025-08-12 06:00:10,555 - __main__ - INFO - Generation ee3be6c1-4a3d-4dad-862d-9b3a1e582d72 status: PROCESSING
2025-08-12 06:00:21,804 - httpx - INFO - HTTP Request: GET https://api.sync.so/v2/generate/ee3be6c1-4a3d-4dad-862d-9b3a1e582d72 "HTTP/1.1 200 OK"
2025-08-12 06:00:21,810 - __main__ - INFO - Generation ee3be6c1-4a3d-4dad-862d-9b3a1e582d72 status: PROCESSING
2025-08-12 06:00:21,810 - __main__ - INFO - Returning status for task cf2fa20c-386c-4a74-84d7-fa63ebf720a7: {'task_id': 'cf2fa20c-386c-4a74-84d7-fa63ebf720a7', 'status': 'processing'}
2025-08-12 06:00:26,817 - __main__ - INFO - Status request for task: cf2fa20c-386c-4a74-84d7-fa63ebf720a7
2025-08-12 06:00:26,817 - __main__ - INFO - Task cf2fa20c-386c-4a74-84d7-fa63ebf720a7 current status: processing
2025-08-12 06:00:32,949 - httpx - INFO - HTTP Request: GET https://api.sync.so/v2/generate/ee3be6c1-4a3d-4dad-862d-9b3a1e582d72 "HTTP/1.1 200 OK"
2025-08-12 06:00:32,953 - __main__ - INFO - Generation ee3be6c1-4a3d-4dad-862d-9b3a1e582d72 status: COMPLETED
2025-08-12 06:00:32,953 - __main__ - INFO - Task cf2fa20c-386c-4a74-84d7-fa63ebf720a7 completed successfully, output_url: https://api.sync.so/v2/generations/ee3be6c1-4a3d-4dad-862d-9b3a1e582d72/result?token=fd4d9329-21d6-41ee-b2d1-4a71587c13ee
2025-08-12 06:00:32,953 - __main__ - INFO - === Checking for logo overlay ===
2025-08-12 06:00:32,953 - __main__ - INFO - Video task logo path: /tmp/logo_cf2fa20c-386c-4a74-84d7-fa63ebf720a7.png
2025-08-12 06:00:32,953 - __main__ - INFO - Logo path exists: /tmp/logo_cf2fa20c-386c-4a74-84d7-fa63ebf720a7.png
2025-08-12 06:00:32,953 - __main__ - INFO - Logo file exists and has size: 84565 bytes
2025-08-12 06:00:32,953 - __main__ - INFO - Adding logo to video for task: cf2fa20c-386c-4a74-84d7-fa63ebf720a7
2025-08-12 06:00:32,953 - __main__ - INFO - === Starting logo overlay process ===
2025-08-12 06:00:32,953 - __main__ - INFO - Task ID: cf2fa20c-386c-4a74-84d7-fa63ebf720a7
2025-08-12 06:00:32,953 - __main__ - INFO - Video URL: https://api.sync.so/v2/generations/ee3be6c1-4a3d-4dad-862d-9b3a1e582d72/result?token=fd4d9329-21d6-41ee-b2d1-4a71587c13ee
2025-08-12 06:00:32,953 - __main__ - INFO - Logo path: /tmp/logo_cf2fa20c-386c-4a74-84d7-fa63ebf720a7.png
2025-08-12 06:00:32,953 - __main__ - INFO - Logo file exists: True
2025-08-12 06:00:32,953 - __main__ - INFO - Logo file size: 84565 bytes
2025-08-12 06:00:33,788 - httpx - INFO - HTTP Request: GET https://api.sync.so/v2/generations/ee3be6c1-4a3d-4dad-862d-9b3a1e582d72/result?token=fd4d9329-21d6-41ee-b2d1-4a71587c13ee "HTTP/1.1 302 Found"
2025-08-12 06:00:34,813 - httpx - INFO - HTTP Request: GET https://private-sync-user-generations-v2.s3.amazonaws.com/generations/314ead23-1480-4974-b47b-7e01bcdddab2/ee3be6c1-4a3d-4dad-862d-9b3a1e582d72_stitcher/result.mp4 "HTTP/1.1 200 OK"
2025-08-12 06:00:38,084 - __main__ - INFO - Response content type: video/mp4
2025-08-12 06:00:38,088 - __main__ - INFO - Video saved to: /tmp/video_cf2fa20c-386c-4a74-84d7-fa63ebf720a7.mp4
2025-08-12 06:00:38,088 - __main__ - INFO - Video size: 18368501 bytes
2025-08-12 06:00:38,088 - __main__ - INFO - Video file verified: /tmp/video_cf2fa20c-386c-4a74-84d7-fa63ebf720a7.mp4, size: 18368501 bytes
2025-08-12 06:00:38,089 - __main__ - ERROR - MoviePy not available, falling back to ffmpeg
2025-08-12 06:00:38,089 - __main__ - INFO - Falling back to ffmpeg for logo overlay
2025-08-12 06:00:38,089 - __main__ - INFO - Running ffmpeg command: ffmpeg -i /tmp/video_cf2fa20c-386c-4a74-84d7-fa63ebf720a7.mp4 -i /tmp/logo_cf2fa20c-386c-4a74-84d7-fa63ebf720a7.png -filter_complex [1:v]scale=100:-1[logo];[0:v][logo]overlay=W-w-20:20 -c:a copy -y /tmp/video_with_logo_cf2fa20c-386c-4a74-84d7-fa63ebf720a7.mp4
2025-08-12 06:00:41,124 - __main__ - INFO - FFmpeg logo overlay completed successfully: /tmp/video_with_logo_cf2fa20c-386c-4a74-84d7-fa63ebf720a7.mp4
2025-08-12 06:00:41,126 - __main__ - INFO - Logo overlay completed, final URL: http://localhost:8000/files/video_with_logo_cf2fa20c-386c-4a74-84d7-fa63ebf720a7.mp4
2025-08-12 06:00:41,126 - __main__ - INFO - Video with logo ready: http://localhost:8000/files/video_with_logo_cf2fa20c-386c-4a74-84d7-fa63ebf720a7.mp4
2025-08-12 06:00:41,126 - __main__ - INFO - Removed logo file after overlay: /tmp/logo_cf2fa20c-386c-4a74-84d7-fa63ebf720a7.png
2025-08-12 06:00:41,126 - __main__ - INFO - Cleaning up temporary files for task: cf2fa20c-386c-4a74-84d7-fa63ebf720a7
2025-08-12 06:00:41,126 - __main__ - INFO - No temporary audio file to clean up
2025-08-12 06:00:41,127 - __main__ - INFO - Task cf2fa20c-386c-4a74-84d7-fa63ebf720a7 completed, result_url: http://localhost:8000/files/video_with_logo_cf2fa20c-386c-4a74-84d7-fa63ebf720a7.mp4
2025-08-12 06:00:41,127 - __main__ - INFO - Task cf2fa20c-386c-4a74-84d7-fa63ebf720a7 removed from memory
2025-08-12 06:00:41,127 - __main__ - INFO - Returning status for task cf2fa20c-386c-4a74-84d7-fa63ebf720a7: {'task_id': 'cf2fa20c-386c-4a74-84d7-fa63ebf720a7', 'status': 'completed', 'result_url': 'http://localhost:8000/files/video_with_logo_cf2fa20c-386c-4a74-84d7-fa63ebf720a7.mp4'}
2025-08-12 06:00:42,264 - __main__ - INFO - File request: video_with_logo_cf2fa20c-386c-4a74-84d7-fa63ebf720a7.mp4
2025-08-12 06:00:42,264 - __main__ - INFO - Serving file: videos/video_with_logo_cf2fa20c-386c-4a74-84d7-fa63ebf720a7.mp4
2025-08-12 06:05:07,989 - __main__ - INFO - Testing Sync.so SDK connection...
2025-08-12 06:05:07,989 - __main__ - INFO - Sync.so SDK initialized successfully
2025-08-12 06:05:28,452 - __main__ - INFO - Health check request, active tasks: 0
2025-08-12 06:05:28,454 - __main__ - INFO - Health check request, active tasks: 0
2025-08-12 06:06:15,788 - __main__ - INFO - Received create-video request
2025-08-12 06:06:15,789 - __main__ - INFO - Script length: 131
2025-08-12 06:06:15,789 - __main__ - INFO - Video type: durov
2025-08-12 06:06:15,789 - __main__ - INFO - Logo provided: True
2025-08-12 06:06:15,789 - __main__ - INFO - Logo filename: Logo.png
2025-08-12 06:06:15,789 - __main__ - INFO - Logo content type: image/png
2025-08-12 06:06:15,789 - __main__ - INFO - Logo size: 197144
2025-08-12 06:06:15,789 - __main__ - INFO - Creating video task - video_type: durov, script_length: 131
2025-08-12 06:06:15,789 - __main__ - INFO - Script content: 'Every day, we learn something new, grow stronger, and move closer to our dreams, turning challenges into opportunities for success.'
2025-08-12 06:06:15,789 - __main__ - INFO - Generated task_id: 28a1450a-32fd-4b3e-a2f0-be9f80e99bfd
2025-08-12 06:06:15,789 - __main__ - INFO - Saving logo to: /tmp/logo_28a1450a-32fd-4b3e-a2f0-be9f80e99bfd.png
2025-08-12 06:06:15,789 - __main__ - INFO - Read logo content, size: 197144 bytes
2025-08-12 06:06:15,790 - __main__ - INFO - Logo saved successfully to: /tmp/logo_28a1450a-32fd-4b3e-a2f0-be9f80e99bfd.png
2025-08-12 06:06:15,790 - __main__ - INFO - Logo file verified: /tmp/logo_28a1450a-32fd-4b3e-a2f0-be9f80e99bfd.png, size: 197144 bytes
2025-08-12 06:06:15,790 - __main__ - INFO - Created video task: 28a1450a-32fd-4b3e-a2f0-be9f80e99bfd
2025-08-12 06:06:15,790 - __main__ - INFO - Started background video generation for task: 28a1450a-32fd-4b3e-a2f0-be9f80e99bfd
2025-08-12 06:06:15,791 - __main__ - INFO - Starting video generation for task: 28a1450a-32fd-4b3e-a2f0-be9f80e99bfd
2025-08-12 06:06:15,791 - __main__ - INFO - Task details - video_type: durov, script_length: 131
2025-08-12 06:06:15,791 - __main__ - INFO - Looking for video file: videos/durov.mov
2025-08-12 06:06:15,792 - __main__ - INFO - Video file found: videos/durov.mov
2025-08-12 06:06:15,792 - __main__ - INFO - Generating audio from text using gTTS for task: 28a1450a-32fd-4b3e-a2f0-be9f80e99bfd
2025-08-12 06:06:15,792 - __main__ - INFO - Generating audio with Sync.so TTS, text: 'Every day, we learn something new, grow stronger, and move closer to our dreams, turning challenges into opportunities for success.', length: 131
2025-08-12 06:06:15,792 - __main__ - INFO - Creating TTS generation with Sync.so
2025-08-12 06:06:15,792 - __main__ - INFO - Generating audio with gTTS...
2025-08-12 06:06:15,792 - __main__ - INFO - Generating audio from text, length: 131
2025-08-12 06:06:15,792 - __main__ - INFO - Text content: 'Every day, we learn something new, grow stronger, and move closer to our dreams, turning challenges into opportunities for success.'
2025-08-12 06:06:15,849 - __main__ - INFO - Creating gTTS object for English language
2025-08-12 06:06:15,849 - __main__ - INFO - Converting text to audio bytes
2025-08-12 06:06:18,907 - __main__ - INFO - Audio generation successful, size: 86400 bytes
2025-08-12 06:06:18,908 - __main__ - INFO - Audio generated and saved to: videos/audio_28a1450a-32fd-4b3e-a2f0-be9f80e99bfd.wav
2025-08-12 06:06:18,908 - __main__ - INFO - Using Dropbox audio URL for Sync.so: https://www.dropbox.com/scl/fi/f9samle47tlaf7y57nulm/audio_db970762-a76f-4960-85a3-a2aa58be75a1.wav?rlkey=uhj5k7u7bv8szcl0xqwxzipf3&st=eobuzbne&raw=1
2025-08-12 06:06:18,908 - __main__ - INFO - Audio generated successfully: https://www.dropbox.com/scl/fi/f9samle47tlaf7y57nulm/audio_db970762-a76f-4960-85a3-a2aa58be75a1.wav?rlkey=uhj5k7u7bv8szcl0xqwxzipf3&st=eobuzbne&raw=1
2025-08-12 06:06:18,908 - __main__ - INFO - Using public video URL for Sync.so...
2025-08-12 06:06:18,908 - __main__ - INFO - Using public video URL: https://assets.sync.so/docs/example-video.mp4
2025-08-12 06:06:18,909 - __main__ - INFO - Video URL: https://assets.sync.so/docs/example-video.mp4
2025-08-12 06:06:18,909 - __main__ - INFO - Audio URL: https://www.dropbox.com/scl/fi/f9samle47tlaf7y57nulm/audio_db970762-a76f-4960-85a3-a2aa58be75a1.wav?rlkey=uhj5k7u7bv8szcl0xqwxzipf3&st=eobuzbne&raw=1
2025-08-12 06:06:18,909 - __main__ - INFO - Creating lipsync generation for task: 28a1450a-32fd-4b3e-a2f0-be9f80e99bfd
2025-08-12 06:06:18,909 - __main__ - INFO - Request data:
2025-08-12 06:06:18,909 - __main__ - INFO -   - Video URL: https://assets.sync.so/docs/example-video.mp4
2025-08-12 06:06:18,909 - __main__ - INFO -   - Audio URL: https://www.dropbox.com/scl/fi/f9samle47tlaf7y57nulm/audio_db970762-a76f-4960-85a3-a2aa58be75a1.wav?rlkey=uhj5k7u7bv8szcl0xqwxzipf3&st=eobuzbne&raw=1
2025-08-12 06:06:18,909 - __main__ - INFO -   - Model: lipsync-2
2025-08-12 06:06:18,909 - __main__ - INFO -   - Sync mode: cut_off
2025-08-12 06:06:21,351 - httpx - INFO - HTTP Request: POST https://api.sync.so/v2/generate "HTTP/1.1 401 Unauthorized"
2025-08-12 06:06:21,353 - __main__ - ERROR - Task 28a1450a-32fd-4b3e-a2f0-be9f80e99bfd: Create generation request failed with status code 401 and error message='You are over your free credits limit. Please upgrade to a paid plan at https://sync.so/billing/subscription.' status_code=402
2025-08-12 06:06:21,353 - __main__ - INFO - Cleaning up temporary files for task: 28a1450a-32fd-4b3e-a2f0-be9f80e99bfd
2025-08-12 06:06:21,353 - __main__ - INFO - No temporary audio file to clean up
2025-08-12 06:06:21,353 - __main__ - INFO - Status request for task: 28a1450a-32fd-4b3e-a2f0-be9f80e99bfd
2025-08-12 06:06:21,353 - __main__ - INFO - Task 28a1450a-32fd-4b3e-a2f0-be9f80e99bfd current status: error
2025-08-12 06:06:21,353 - __main__ - ERROR - Task 28a1450a-32fd-4b3e-a2f0-be9f80e99bfd failed with error: Create generation request failed with status code 401 and error message='You are over your free credits limit. Please upgrade to a paid plan at https://sync.so/billing/subscription.' status_code=402
2025-08-12 06:06:21,353 - __main__ - INFO - Task 28a1450a-32fd-4b3e-a2f0-be9f80e99bfd removed from memory
2025-08-12 06:06:21,353 - __main__ - INFO - Returning status for task 28a1450a-32fd-4b3e-a2f0-be9f80e99bfd: {'task_id': '28a1450a-32fd-4b3e-a2f0-be9f80e99bfd', 'status': 'error', 'error': "Create generation request failed with status code 401 and error message='You are over your free credits limit. Please upgrade to a paid plan at https://sync.so/billing/subscription.' status_code=402"}
2025-08-12 06:07:47,118 - __main__ - INFO - Testing Sync.so SDK connection...
2025-08-12 06:07:47,118 - __main__ - INFO - Sync.so SDK initialized successfully
2025-08-12 06:07:52,518 - __main__ - INFO - Received create-video request
2025-08-12 06:07:52,518 - __main__ - INFO - Script length: 131
2025-08-12 06:07:52,518 - __main__ - INFO - Video type: durov
2025-08-12 06:07:52,518 - __main__ - INFO - Logo provided: True
2025-08-12 06:07:52,518 - __main__ - INFO - Logo filename: Logo.png
2025-08-12 06:07:52,518 - __main__ - INFO - Logo content type: image/png
2025-08-12 06:07:52,518 - __main__ - INFO - Logo size: 197144
2025-08-12 06:07:52,518 - __main__ - INFO - Creating video task - video_type: durov, script_length: 131
2025-08-12 06:07:52,518 - __main__ - INFO - Script content: 'Every day, we learn something new, grow stronger, and move closer to our dreams, turning challenges into opportunities for success.'
2025-08-12 06:07:52,518 - __main__ - INFO - Generated task_id: 18585f2c-2675-4632-8188-c2e02827db17
2025-08-12 06:07:52,519 - __main__ - INFO - Saving logo to: /tmp/logo_18585f2c-2675-4632-8188-c2e02827db17.png
2025-08-12 06:07:52,519 - __main__ - INFO - Read logo content, size: 197144 bytes
2025-08-12 06:07:52,519 - __main__ - INFO - Logo saved successfully to: /tmp/logo_18585f2c-2675-4632-8188-c2e02827db17.png
2025-08-12 06:07:52,519 - __main__ - INFO - Logo file verified: /tmp/logo_18585f2c-2675-4632-8188-c2e02827db17.png, size: 197144 bytes
2025-08-12 06:07:52,519 - __main__ - INFO - Created video task: 18585f2c-2675-4632-8188-c2e02827db17
2025-08-12 06:07:52,519 - __main__ - INFO - Started background video generation for task: 18585f2c-2675-4632-8188-c2e02827db17
2025-08-12 06:07:52,521 - __main__ - INFO - Starting video generation for task: 18585f2c-2675-4632-8188-c2e02827db17
2025-08-12 06:07:52,521 - __main__ - INFO - Task details - video_type: durov, script_length: 131
2025-08-12 06:07:52,521 - __main__ - INFO - Looking for video file: videos/durov.mov
2025-08-12 06:07:52,521 - __main__ - INFO - Video file found: videos/durov.mov
2025-08-12 06:07:52,521 - __main__ - INFO - Generating audio from text using gTTS for task: 18585f2c-2675-4632-8188-c2e02827db17
2025-08-12 06:07:52,521 - __main__ - INFO - Generating audio with Sync.so TTS, text: 'Every day, we learn something new, grow stronger, and move closer to our dreams, turning challenges into opportunities for success.', length: 131
2025-08-12 06:07:52,521 - __main__ - INFO - Creating TTS generation with Sync.so
2025-08-12 06:07:52,521 - __main__ - INFO - Generating audio with gTTS...
2025-08-12 06:07:52,522 - __main__ - INFO - Generating audio from text, length: 131
2025-08-12 06:07:52,522 - __main__ - INFO - Text content: 'Every day, we learn something new, grow stronger, and move closer to our dreams, turning challenges into opportunities for success.'
2025-08-12 06:07:52,611 - __main__ - INFO - Creating gTTS object for English language
2025-08-12 06:07:52,611 - __main__ - INFO - Converting text to audio bytes
2025-08-12 06:07:55,642 - __main__ - INFO - Audio generation successful, size: 86400 bytes
2025-08-12 06:07:55,643 - __main__ - INFO - Audio generated and saved to: videos/audio_18585f2c-2675-4632-8188-c2e02827db17.wav
2025-08-12 06:07:55,643 - __main__ - INFO - Using Dropbox audio URL for Sync.so: https://www.dropbox.com/scl/fi/f9samle47tlaf7y57nulm/audio_db970762-a76f-4960-85a3-a2aa58be75a1.wav?rlkey=uhj5k7u7bv8szcl0xqwxzipf3&st=eobuzbne&raw=1
2025-08-12 06:07:55,643 - __main__ - INFO - Audio generated successfully: https://www.dropbox.com/scl/fi/f9samle47tlaf7y57nulm/audio_db970762-a76f-4960-85a3-a2aa58be75a1.wav?rlkey=uhj5k7u7bv8szcl0xqwxzipf3&st=eobuzbne&raw=1
2025-08-12 06:07:55,643 - __main__ - INFO - Using public video URL for Sync.so...
2025-08-12 06:07:55,643 - __main__ - INFO - Using public video URL: https://assets.sync.so/docs/example-video.mp4
2025-08-12 06:07:55,643 - __main__ - INFO - Video URL: https://assets.sync.so/docs/example-video.mp4
2025-08-12 06:07:55,643 - __main__ - INFO - Audio URL: https://www.dropbox.com/scl/fi/f9samle47tlaf7y57nulm/audio_db970762-a76f-4960-85a3-a2aa58be75a1.wav?rlkey=uhj5k7u7bv8szcl0xqwxzipf3&st=eobuzbne&raw=1
2025-08-12 06:07:55,643 - __main__ - INFO - Creating lipsync generation for task: 18585f2c-2675-4632-8188-c2e02827db17
2025-08-12 06:07:55,643 - __main__ - INFO - Request data:
2025-08-12 06:07:55,643 - __main__ - INFO -   - Video URL: https://assets.sync.so/docs/example-video.mp4
2025-08-12 06:07:55,643 - __main__ - INFO -   - Audio URL: https://www.dropbox.com/scl/fi/f9samle47tlaf7y57nulm/audio_db970762-a76f-4960-85a3-a2aa58be75a1.wav?rlkey=uhj5k7u7bv8szcl0xqwxzipf3&st=eobuzbne&raw=1
2025-08-12 06:07:55,643 - __main__ - INFO -   - Model: lipsync-2
2025-08-12 06:07:55,643 - __main__ - INFO -   - Sync mode: cut_off
2025-08-12 06:07:59,062 - httpx - INFO - HTTP Request: POST https://api.sync.so/v2/generate "HTTP/1.1 201 Created"
2025-08-12 06:07:59,064 - __main__ - INFO - Generation submitted successfully, job id: f1e1bc58-4e17-4595-9d9d-f86583dd99fc
2025-08-12 06:07:59,064 - __main__ - INFO - Starting monitoring for task: 18585f2c-2675-4632-8188-c2e02827db17, job: f1e1bc58-4e17-4595-9d9d-f86583dd99fc
2025-08-12 06:08:00,250 - httpx - INFO - HTTP Request: GET https://api.sync.so/v2/generate/f1e1bc58-4e17-4595-9d9d-f86583dd99fc "HTTP/1.1 200 OK"
2025-08-12 06:08:00,251 - __main__ - INFO - Generation f1e1bc58-4e17-4595-9d9d-f86583dd99fc status: PROCESSING
2025-08-12 06:08:00,251 - __main__ - INFO - Status request for task: 18585f2c-2675-4632-8188-c2e02827db17
2025-08-12 06:08:00,252 - __main__ - INFO - Task 18585f2c-2675-4632-8188-c2e02827db17 current status: processing
2025-08-12 06:08:11,471 - httpx - INFO - HTTP Request: GET https://api.sync.so/v2/generate/f1e1bc58-4e17-4595-9d9d-f86583dd99fc "HTTP/1.1 200 OK"
2025-08-12 06:08:11,474 - __main__ - INFO - Generation f1e1bc58-4e17-4595-9d9d-f86583dd99fc status: PROCESSING
2025-08-12 06:08:22,952 - httpx - INFO - HTTP Request: GET https://api.sync.so/v2/generate/f1e1bc58-4e17-4595-9d9d-f86583dd99fc "HTTP/1.1 200 OK"
2025-08-12 06:08:22,959 - __main__ - INFO - Generation f1e1bc58-4e17-4595-9d9d-f86583dd99fc status: PROCESSING
2025-08-12 06:08:34,229 - httpx - INFO - HTTP Request: GET https://api.sync.so/v2/generate/f1e1bc58-4e17-4595-9d9d-f86583dd99fc "HTTP/1.1 200 OK"
2025-08-12 06:08:34,230 - __main__ - INFO - Generation f1e1bc58-4e17-4595-9d9d-f86583dd99fc status: PROCESSING
2025-08-12 06:08:34,230 - __main__ - INFO - Returning status for task 18585f2c-2675-4632-8188-c2e02827db17: {'task_id': '18585f2c-2675-4632-8188-c2e02827db17', 'status': 'processing'}
2025-08-12 06:08:39,241 - __main__ - INFO - Status request for task: 18585f2c-2675-4632-8188-c2e02827db17
2025-08-12 06:08:39,241 - __main__ - INFO - Task 18585f2c-2675-4632-8188-c2e02827db17 current status: processing
2025-08-12 06:08:45,021 - httpx - INFO - HTTP Request: GET https://api.sync.so/v2/generate/f1e1bc58-4e17-4595-9d9d-f86583dd99fc "HTTP/1.1 200 OK"
2025-08-12 06:08:45,029 - __main__ - INFO - Generation f1e1bc58-4e17-4595-9d9d-f86583dd99fc status: PROCESSING
2025-08-12 06:08:56,301 - httpx - INFO - HTTP Request: GET https://api.sync.so/v2/generate/f1e1bc58-4e17-4595-9d9d-f86583dd99fc "HTTP/1.1 200 OK"
2025-08-12 06:08:56,304 - __main__ - INFO - Generation f1e1bc58-4e17-4595-9d9d-f86583dd99fc status: PROCESSING
2025-08-12 06:09:07,400 - httpx - INFO - HTTP Request: GET https://api.sync.so/v2/generate/f1e1bc58-4e17-4595-9d9d-f86583dd99fc "HTTP/1.1 200 OK"
2025-08-12 06:09:07,403 - __main__ - INFO - Generation f1e1bc58-4e17-4595-9d9d-f86583dd99fc status: PROCESSING
2025-08-12 06:09:12,410 - __main__ - INFO - Returning status for task 18585f2c-2675-4632-8188-c2e02827db17: {'task_id': '18585f2c-2675-4632-8188-c2e02827db17', 'status': 'processing'}
2025-08-12 06:09:18,409 - httpx - INFO - HTTP Request: GET https://api.sync.so/v2/generate/f1e1bc58-4e17-4595-9d9d-f86583dd99fc "HTTP/1.1 200 OK"
2025-08-12 06:09:18,414 - __main__ - INFO - Generation f1e1bc58-4e17-4595-9d9d-f86583dd99fc status: PROCESSING
2025-08-12 06:09:18,414 - __main__ - INFO - Status request for task: 18585f2c-2675-4632-8188-c2e02827db17
2025-08-12 06:09:18,414 - __main__ - INFO - Task 18585f2c-2675-4632-8188-c2e02827db17 current status: processing
2025-08-12 06:09:29,744 - httpx - INFO - HTTP Request: GET https://api.sync.so/v2/generate/f1e1bc58-4e17-4595-9d9d-f86583dd99fc "HTTP/1.1 200 OK"
2025-08-12 06:09:29,747 - __main__ - INFO - Generation f1e1bc58-4e17-4595-9d9d-f86583dd99fc status: PROCESSING
2025-08-12 06:09:40,868 - httpx - INFO - HTTP Request: GET https://api.sync.so/v2/generate/f1e1bc58-4e17-4595-9d9d-f86583dd99fc "HTTP/1.1 200 OK"
2025-08-12 06:09:40,870 - __main__ - INFO - Generation f1e1bc58-4e17-4595-9d9d-f86583dd99fc status: PROCESSING
2025-08-12 06:09:51,998 - httpx - INFO - HTTP Request: GET https://api.sync.so/v2/generate/f1e1bc58-4e17-4595-9d9d-f86583dd99fc "HTTP/1.1 200 OK"
2025-08-12 06:09:52,001 - __main__ - INFO - Generation f1e1bc58-4e17-4595-9d9d-f86583dd99fc status: COMPLETED
2025-08-12 06:09:52,001 - __main__ - INFO - Task 18585f2c-2675-4632-8188-c2e02827db17 completed successfully, output_url: https://api.sync.so/v2/generations/f1e1bc58-4e17-4595-9d9d-f86583dd99fc/result?token=2e70f23f-0e81-4984-b6d9-b43f72fc8530
2025-08-12 06:09:52,001 - __main__ - INFO - === Checking for logo overlay ===
2025-08-12 06:09:52,001 - __main__ - INFO - Video task logo path: /tmp/logo_18585f2c-2675-4632-8188-c2e02827db17.png
2025-08-12 06:09:52,001 - __main__ - INFO - Logo path exists: /tmp/logo_18585f2c-2675-4632-8188-c2e02827db17.png
2025-08-12 06:09:52,002 - __main__ - INFO - Logo file exists and has size: 197144 bytes
2025-08-12 06:09:52,002 - __main__ - INFO - Adding logo to video for task: 18585f2c-2675-4632-8188-c2e02827db17
2025-08-12 06:09:52,002 - __main__ - INFO - === Starting logo overlay process ===
2025-08-12 06:09:52,002 - __main__ - INFO - Task ID: 18585f2c-2675-4632-8188-c2e02827db17
2025-08-12 06:09:52,002 - __main__ - INFO - Video URL: https://api.sync.so/v2/generations/f1e1bc58-4e17-4595-9d9d-f86583dd99fc/result?token=2e70f23f-0e81-4984-b6d9-b43f72fc8530
2025-08-12 06:09:52,002 - __main__ - INFO - Logo path: /tmp/logo_18585f2c-2675-4632-8188-c2e02827db17.png
2025-08-12 06:09:52,002 - __main__ - INFO - Logo file exists: True
2025-08-12 06:09:52,002 - __main__ - INFO - Logo file size: 197144 bytes
2025-08-12 06:09:52,023 - __main__ - INFO - Returning status for task 18585f2c-2675-4632-8188-c2e02827db17: {'task_id': '18585f2c-2675-4632-8188-c2e02827db17', 'status': 'processing'}
2025-08-12 06:09:52,549 - httpx - INFO - HTTP Request: GET https://api.sync.so/v2/generations/f1e1bc58-4e17-4595-9d9d-f86583dd99fc/result?token=2e70f23f-0e81-4984-b6d9-b43f72fc8530 "HTTP/1.1 302 Found"
2025-08-12 06:09:53,594 - httpx - INFO - HTTP Request: GET https://private-sync-user-generations-v2.s3.amazonaws.com/generations/1b839c7c-abae-4a67-8446-7dd41f2aa0bb/f1e1bc58-4e17-4595-9d9d-f86583dd99fc_stitcher/result.mp4 "HTTP/1.1 200 OK"
2025-08-12 06:09:57,029 - __main__ - INFO - Status request for task: 18585f2c-2675-4632-8188-c2e02827db17
2025-08-12 06:09:57,029 - __main__ - INFO - Task 18585f2c-2675-4632-8188-c2e02827db17 current status: processing
2025-08-12 06:09:57,189 - __main__ - INFO - Response content type: video/mp4
2025-08-12 06:09:57,201 - __main__ - INFO - Video saved to: /tmp/video_18585f2c-2675-4632-8188-c2e02827db17.mp4
2025-08-12 06:09:57,201 - __main__ - INFO - Video size: 18267614 bytes
2025-08-12 06:09:57,201 - __main__ - INFO - Video file verified: /tmp/video_18585f2c-2675-4632-8188-c2e02827db17.mp4, size: 18267614 bytes
2025-08-12 06:09:57,202 - __main__ - ERROR - MoviePy not available, falling back to ffmpeg
2025-08-12 06:09:57,202 - __main__ - INFO - Falling back to ffmpeg for logo overlay
2025-08-12 06:09:57,202 - __main__ - INFO - Running ffmpeg command: ffmpeg -i /tmp/video_18585f2c-2675-4632-8188-c2e02827db17.mp4 -i /tmp/logo_18585f2c-2675-4632-8188-c2e02827db17.png -filter_complex [1:v]scale=100:-1[logo];[0:v][logo]overlay=W-w-20:20 -c:a copy -y /tmp/video_with_logo_18585f2c-2675-4632-8188-c2e02827db17.mp4
2025-08-12 06:09:59,565 - __main__ - INFO - FFmpeg logo overlay completed successfully: /tmp/video_with_logo_18585f2c-2675-4632-8188-c2e02827db17.mp4
2025-08-12 06:09:59,568 - __main__ - INFO - Logo overlay completed, final URL: http://localhost:8000/files/video_with_logo_18585f2c-2675-4632-8188-c2e02827db17.mp4
2025-08-12 06:09:59,568 - __main__ - INFO - Video with logo ready: http://localhost:8000/files/video_with_logo_18585f2c-2675-4632-8188-c2e02827db17.mp4
2025-08-12 06:09:59,568 - __main__ - INFO - Removed logo file after overlay: /tmp/logo_18585f2c-2675-4632-8188-c2e02827db17.png
2025-08-12 06:09:59,568 - __main__ - INFO - Cleaning up temporary files for task: 18585f2c-2675-4632-8188-c2e02827db17
2025-08-12 06:09:59,568 - __main__ - INFO - No temporary audio file to clean up
2025-08-12 06:09:59,569 - __main__ - INFO - Task 18585f2c-2675-4632-8188-c2e02827db17 completed, result_url: http://localhost:8000/files/video_with_logo_18585f2c-2675-4632-8188-c2e02827db17.mp4
2025-08-12 06:09:59,569 - __main__ - INFO - Task 18585f2c-2675-4632-8188-c2e02827db17 removed from memory
2025-08-12 06:09:59,569 - __main__ - INFO - Returning status for task 18585f2c-2675-4632-8188-c2e02827db17: {'task_id': '18585f2c-2675-4632-8188-c2e02827db17', 'status': 'completed', 'result_url': 'http://localhost:8000/files/video_with_logo_18585f2c-2675-4632-8188-c2e02827db17.mp4'}
2025-08-12 06:10:00,686 - __main__ - INFO - File request: video_with_logo_18585f2c-2675-4632-8188-c2e02827db17.mp4
2025-08-12 06:10:00,686 - __main__ - INFO - Serving file: videos/video_with_logo_18585f2c-2675-4632-8188-c2e02827db17.mp4
2025-08-12 06:10:32,782 - __main__ - INFO - Testing Sync.so SDK connection...
2025-08-12 06:10:32,782 - __main__ - INFO - Sync.so SDK initialized successfully
2025-08-12 06:11:16,257 - __main__ - INFO - Received create-video request
2025-08-12 06:11:16,258 - __main__ - INFO - Script length: 131
2025-08-12 06:11:16,258 - __main__ - INFO - Video type: durov
2025-08-12 06:11:16,258 - __main__ - INFO - Logo provided: True
2025-08-12 06:11:16,258 - __main__ - INFO - Logo filename: Logo.png
2025-08-12 06:11:16,258 - __main__ - INFO - Logo content type: image/png
2025-08-12 06:11:16,259 - __main__ - INFO - Logo size: 197144
2025-08-12 06:11:16,259 - __main__ - INFO - Creating video task - video_type: durov, script_length: 131
2025-08-12 06:11:16,259 - __main__ - INFO - Script content: 'Every day, we learn something new, grow stronger, and move closer to our dreams, turning challenges into opportunities for success.'
2025-08-12 06:11:16,259 - __main__ - INFO - Generated task_id: e0f8e2ac-856f-4340-b1f3-c9adbfe05af5
2025-08-12 06:11:16,259 - __main__ - INFO - Saving logo to: /tmp/logo_e0f8e2ac-856f-4340-b1f3-c9adbfe05af5.png
2025-08-12 06:11:16,259 - __main__ - INFO - Read logo content, size: 197144 bytes
2025-08-12 06:11:16,259 - __main__ - INFO - Logo saved successfully to: /tmp/logo_e0f8e2ac-856f-4340-b1f3-c9adbfe05af5.png
2025-08-12 06:11:16,259 - __main__ - INFO - Logo file verified: /tmp/logo_e0f8e2ac-856f-4340-b1f3-c9adbfe05af5.png, size: 197144 bytes
2025-08-12 06:11:16,259 - __main__ - INFO - Created video task: e0f8e2ac-856f-4340-b1f3-c9adbfe05af5
2025-08-12 06:11:16,259 - __main__ - INFO - Started background video generation for task: e0f8e2ac-856f-4340-b1f3-c9adbfe05af5
2025-08-12 06:11:16,260 - __main__ - INFO - Starting video generation for task: e0f8e2ac-856f-4340-b1f3-c9adbfe05af5
2025-08-12 06:11:16,260 - __main__ - INFO - Task details - video_type: durov, script_length: 131
2025-08-12 06:11:16,260 - __main__ - INFO - Looking for video file: videos/durov.mov
2025-08-12 06:11:16,260 - __main__ - INFO - Video file found: videos/durov.mov
2025-08-12 06:11:16,260 - __main__ - INFO - Generating audio from text using gTTS for task: e0f8e2ac-856f-4340-b1f3-c9adbfe05af5
2025-08-12 06:11:16,260 - __main__ - INFO - Generating audio with Sync.so TTS, text: 'Every day, we learn something new, grow stronger, and move closer to our dreams, turning challenges into opportunities for success.', length: 131
2025-08-12 06:11:16,260 - __main__ - INFO - Creating TTS generation with Sync.so
2025-08-12 06:11:16,260 - __main__ - INFO - Generating audio with gTTS...
2025-08-12 06:11:16,260 - __main__ - INFO - Generating audio from text, length: 131
2025-08-12 06:11:16,260 - __main__ - INFO - Text content: 'Every day, we learn something new, grow stronger, and move closer to our dreams, turning challenges into opportunities for success.'
2025-08-12 06:11:16,321 - __main__ - INFO - Creating gTTS object for English language
2025-08-12 06:11:16,322 - __main__ - INFO - Converting text to audio bytes
2025-08-12 06:11:19,348 - __main__ - INFO - Audio generation successful, size: 86400 bytes
2025-08-12 06:11:19,348 - __main__ - INFO - Audio generated and saved to: videos/audio_e0f8e2ac-856f-4340-b1f3-c9adbfe05af5.wav
2025-08-12 06:11:19,348 - __main__ - INFO - Using Dropbox audio URL for Sync.so: https://www.dropbox.com/scl/fi/f9samle47tlaf7y57nulm/audio_db970762-a76f-4960-85a3-a2aa58be75a1.wav?rlkey=uhj5k7u7bv8szcl0xqwxzipf3&st=eobuzbne&raw=1
2025-08-12 06:11:19,348 - __main__ - INFO - Audio generated successfully: https://www.dropbox.com/scl/fi/f9samle47tlaf7y57nulm/audio_db970762-a76f-4960-85a3-a2aa58be75a1.wav?rlkey=uhj5k7u7bv8szcl0xqwxzipf3&st=eobuzbne&raw=1
2025-08-12 06:11:19,348 - __main__ - INFO - Using public video URL for Sync.so...
2025-08-12 06:11:19,349 - __main__ - INFO - Using public video URL: https://www.dropbox.com/scl/fi/5504cmeeq6wlh0gm1vnd3/durov.mov?rlkey=5p8d8kwfn6k1a6ebl0uuodpm8&st=ri5d9e4j&raw=1
2025-08-12 06:11:19,349 - __main__ - INFO - Video URL: https://www.dropbox.com/scl/fi/5504cmeeq6wlh0gm1vnd3/durov.mov?rlkey=5p8d8kwfn6k1a6ebl0uuodpm8&st=ri5d9e4j&raw=1
2025-08-12 06:11:19,349 - __main__ - INFO - Audio URL: https://www.dropbox.com/scl/fi/f9samle47tlaf7y57nulm/audio_db970762-a76f-4960-85a3-a2aa58be75a1.wav?rlkey=uhj5k7u7bv8szcl0xqwxzipf3&st=eobuzbne&raw=1
2025-08-12 06:11:19,349 - __main__ - INFO - Creating lipsync generation for task: e0f8e2ac-856f-4340-b1f3-c9adbfe05af5
2025-08-12 06:11:19,349 - __main__ - INFO - Request data:
2025-08-12 06:11:19,349 - __main__ - INFO -   - Video URL: https://www.dropbox.com/scl/fi/5504cmeeq6wlh0gm1vnd3/durov.mov?rlkey=5p8d8kwfn6k1a6ebl0uuodpm8&st=ri5d9e4j&raw=1
2025-08-12 06:11:19,349 - __main__ - INFO -   - Audio URL: https://www.dropbox.com/scl/fi/f9samle47tlaf7y57nulm/audio_db970762-a76f-4960-85a3-a2aa58be75a1.wav?rlkey=uhj5k7u7bv8szcl0xqwxzipf3&st=eobuzbne&raw=1
2025-08-12 06:11:19,349 - __main__ - INFO -   - Model: lipsync-2
2025-08-12 06:11:19,349 - __main__ - INFO -   - Sync mode: cut_off
2025-08-12 06:11:23,390 - httpx - INFO - HTTP Request: POST https://api.sync.so/v2/generate "HTTP/1.1 201 Created"
2025-08-12 06:11:23,393 - __main__ - INFO - Generation submitted successfully, job id: bb858bd3-d5a9-4d82-89ce-46d72b6f7269
2025-08-12 06:11:23,394 - __main__ - INFO - Starting monitoring for task: e0f8e2ac-856f-4340-b1f3-c9adbfe05af5, job: bb858bd3-d5a9-4d82-89ce-46d72b6f7269
2025-08-12 06:11:23,901 - httpx - INFO - HTTP Request: GET https://api.sync.so/v2/generate/bb858bd3-d5a9-4d82-89ce-46d72b6f7269 "HTTP/1.1 200 OK"
2025-08-12 06:11:23,903 - __main__ - INFO - Generation bb858bd3-d5a9-4d82-89ce-46d72b6f7269 status: PROCESSING
2025-08-12 06:11:23,903 - __main__ - INFO - Status request for task: e0f8e2ac-856f-4340-b1f3-c9adbfe05af5
2025-08-12 06:11:23,904 - __main__ - INFO - Task e0f8e2ac-856f-4340-b1f3-c9adbfe05af5 current status: processing
2025-08-12 06:11:35,362 - httpx - INFO - HTTP Request: GET https://api.sync.so/v2/generate/bb858bd3-d5a9-4d82-89ce-46d72b6f7269 "HTTP/1.1 200 OK"
2025-08-12 06:11:35,363 - __main__ - INFO - Generation bb858bd3-d5a9-4d82-89ce-46d72b6f7269 status: PROCESSING
2025-08-12 06:11:46,563 - httpx - INFO - HTTP Request: GET https://api.sync.so/v2/generate/bb858bd3-d5a9-4d82-89ce-46d72b6f7269 "HTTP/1.1 200 OK"
2025-08-12 06:11:46,565 - __main__ - INFO - Generation bb858bd3-d5a9-4d82-89ce-46d72b6f7269 status: PROCESSING
2025-08-12 06:11:57,739 - httpx - INFO - HTTP Request: GET https://api.sync.so/v2/generate/bb858bd3-d5a9-4d82-89ce-46d72b6f7269 "HTTP/1.1 200 OK"
2025-08-12 06:11:57,742 - __main__ - INFO - Generation bb858bd3-d5a9-4d82-89ce-46d72b6f7269 status: PROCESSING
2025-08-12 06:11:57,742 - __main__ - INFO - Returning status for task e0f8e2ac-856f-4340-b1f3-c9adbfe05af5: {'task_id': 'e0f8e2ac-856f-4340-b1f3-c9adbfe05af5', 'status': 'processing'}
2025-08-12 06:12:02,747 - __main__ - INFO - Status request for task: e0f8e2ac-856f-4340-b1f3-c9adbfe05af5
2025-08-12 06:12:02,748 - __main__ - INFO - Task e0f8e2ac-856f-4340-b1f3-c9adbfe05af5 current status: processing
2025-08-12 06:12:08,773 - httpx - INFO - HTTP Request: GET https://api.sync.so/v2/generate/bb858bd3-d5a9-4d82-89ce-46d72b6f7269 "HTTP/1.1 200 OK"
2025-08-12 06:12:08,774 - __main__ - INFO - Generation bb858bd3-d5a9-4d82-89ce-46d72b6f7269 status: PROCESSING
2025-08-12 06:12:20,367 - httpx - INFO - HTTP Request: GET https://api.sync.so/v2/generate/bb858bd3-d5a9-4d82-89ce-46d72b6f7269 "HTTP/1.1 200 OK"
2025-08-12 06:12:20,369 - __main__ - INFO - Generation bb858bd3-d5a9-4d82-89ce-46d72b6f7269 status: PROCESSING
2025-08-12 06:12:31,553 - httpx - INFO - HTTP Request: GET https://api.sync.so/v2/generate/bb858bd3-d5a9-4d82-89ce-46d72b6f7269 "HTTP/1.1 200 OK"
2025-08-12 06:12:31,555 - __main__ - INFO - Generation bb858bd3-d5a9-4d82-89ce-46d72b6f7269 status: PROCESSING
2025-08-12 06:12:36,562 - __main__ - INFO - Returning status for task e0f8e2ac-856f-4340-b1f3-c9adbfe05af5: {'task_id': 'e0f8e2ac-856f-4340-b1f3-c9adbfe05af5', 'status': 'processing'}
2025-08-12 06:12:42,755 - httpx - INFO - HTTP Request: GET https://api.sync.so/v2/generate/bb858bd3-d5a9-4d82-89ce-46d72b6f7269 "HTTP/1.1 200 OK"
2025-08-12 06:12:42,758 - __main__ - INFO - Generation bb858bd3-d5a9-4d82-89ce-46d72b6f7269 status: PROCESSING
2025-08-12 06:12:42,759 - __main__ - INFO - Status request for task: e0f8e2ac-856f-4340-b1f3-c9adbfe05af5
2025-08-12 06:12:42,759 - __main__ - INFO - Task e0f8e2ac-856f-4340-b1f3-c9adbfe05af5 current status: processing
2025-08-12 06:12:53,751 - httpx - INFO - HTTP Request: GET https://api.sync.so/v2/generate/bb858bd3-d5a9-4d82-89ce-46d72b6f7269 "HTTP/1.1 200 OK"
2025-08-12 06:12:53,755 - __main__ - INFO - Generation bb858bd3-d5a9-4d82-89ce-46d72b6f7269 status: PROCESSING
2025-08-12 06:13:04,784 - httpx - INFO - HTTP Request: GET https://api.sync.so/v2/generate/bb858bd3-d5a9-4d82-89ce-46d72b6f7269 "HTTP/1.1 200 OK"
2025-08-12 06:13:04,786 - __main__ - INFO - Generation bb858bd3-d5a9-4d82-89ce-46d72b6f7269 status: PROCESSING
2025-08-12 06:13:15,900 - httpx - INFO - HTTP Request: GET https://api.sync.so/v2/generate/bb858bd3-d5a9-4d82-89ce-46d72b6f7269 "HTTP/1.1 200 OK"
2025-08-12 06:13:15,903 - __main__ - INFO - Generation bb858bd3-d5a9-4d82-89ce-46d72b6f7269 status: PROCESSING
2025-08-12 06:13:15,903 - __main__ - INFO - Returning status for task e0f8e2ac-856f-4340-b1f3-c9adbfe05af5: {'task_id': 'e0f8e2ac-856f-4340-b1f3-c9adbfe05af5', 'status': 'processing'}
2025-08-12 06:13:20,909 - __main__ - INFO - Status request for task: e0f8e2ac-856f-4340-b1f3-c9adbfe05af5
2025-08-12 06:13:20,909 - __main__ - INFO - Task e0f8e2ac-856f-4340-b1f3-c9adbfe05af5 current status: processing
2025-08-12 06:13:27,301 - httpx - INFO - HTTP Request: GET https://api.sync.so/v2/generate/bb858bd3-d5a9-4d82-89ce-46d72b6f7269 "HTTP/1.1 200 OK"
2025-08-12 06:13:27,304 - __main__ - INFO - Generation bb858bd3-d5a9-4d82-89ce-46d72b6f7269 status: PROCESSING
2025-08-12 06:13:38,531 - httpx - INFO - HTTP Request: GET https://api.sync.so/v2/generate/bb858bd3-d5a9-4d82-89ce-46d72b6f7269 "HTTP/1.1 200 OK"
2025-08-12 06:13:38,535 - __main__ - INFO - Generation bb858bd3-d5a9-4d82-89ce-46d72b6f7269 status: PROCESSING
2025-08-12 06:13:49,824 - httpx - INFO - HTTP Request: GET https://api.sync.so/v2/generate/bb858bd3-d5a9-4d82-89ce-46d72b6f7269 "HTTP/1.1 200 OK"
2025-08-12 06:13:49,827 - __main__ - INFO - Generation bb858bd3-d5a9-4d82-89ce-46d72b6f7269 status: COMPLETED
2025-08-12 06:13:49,827 - __main__ - INFO - Task e0f8e2ac-856f-4340-b1f3-c9adbfe05af5 completed successfully, output_url: https://api.sync.so/v2/generations/bb858bd3-d5a9-4d82-89ce-46d72b6f7269/result?token=7227854a-8709-4e2c-8caf-1a2bac0e6445
2025-08-12 06:13:49,827 - __main__ - INFO - === Checking for logo overlay ===
2025-08-12 06:13:49,827 - __main__ - INFO - Video task logo path: /tmp/logo_e0f8e2ac-856f-4340-b1f3-c9adbfe05af5.png
2025-08-12 06:13:49,827 - __main__ - INFO - Logo path exists: /tmp/logo_e0f8e2ac-856f-4340-b1f3-c9adbfe05af5.png
2025-08-12 06:13:49,828 - __main__ - INFO - Logo file exists and has size: 197144 bytes
2025-08-12 06:13:49,828 - __main__ - INFO - Adding logo to video for task: e0f8e2ac-856f-4340-b1f3-c9adbfe05af5
2025-08-12 06:13:49,828 - __main__ - INFO - === Starting logo overlay process ===
2025-08-12 06:13:49,828 - __main__ - INFO - Task ID: e0f8e2ac-856f-4340-b1f3-c9adbfe05af5
2025-08-12 06:13:49,828 - __main__ - INFO - Video URL: https://api.sync.so/v2/generations/bb858bd3-d5a9-4d82-89ce-46d72b6f7269/result?token=7227854a-8709-4e2c-8caf-1a2bac0e6445
2025-08-12 06:13:49,828 - __main__ - INFO - Logo path: /tmp/logo_e0f8e2ac-856f-4340-b1f3-c9adbfe05af5.png
2025-08-12 06:13:49,828 - __main__ - INFO - Logo file exists: True
2025-08-12 06:13:49,829 - __main__ - INFO - Logo file size: 197144 bytes
2025-08-12 06:13:50,362 - httpx - INFO - HTTP Request: GET https://api.sync.so/v2/generations/bb858bd3-d5a9-4d82-89ce-46d72b6f7269/result?token=7227854a-8709-4e2c-8caf-1a2bac0e6445 "HTTP/1.1 302 Found"
2025-08-12 06:13:51,328 - httpx - INFO - HTTP Request: GET https://private-sync-user-generations-v2.s3.amazonaws.com/generations/1b839c7c-abae-4a67-8446-7dd41f2aa0bb/bb858bd3-d5a9-4d82-89ce-46d72b6f7269_stitcher/result.mp4 "HTTP/1.1 200 OK"
2025-08-12 06:13:53,496 - __main__ - INFO - Response content type: video/mp4
2025-08-12 06:13:53,499 - __main__ - INFO - Video saved to: /tmp/video_e0f8e2ac-856f-4340-b1f3-c9adbfe05af5.mp4
2025-08-12 06:13:53,499 - __main__ - INFO - Video size: 7112413 bytes
2025-08-12 06:13:53,499 - __main__ - INFO - Video file verified: /tmp/video_e0f8e2ac-856f-4340-b1f3-c9adbfe05af5.mp4, size: 7112413 bytes
2025-08-12 06:13:53,499 - __main__ - ERROR - MoviePy not available, falling back to ffmpeg
2025-08-12 06:13:53,499 - __main__ - INFO - Falling back to ffmpeg for logo overlay
2025-08-12 06:13:53,500 - __main__ - INFO - Running ffmpeg command: ffmpeg -i /tmp/video_e0f8e2ac-856f-4340-b1f3-c9adbfe05af5.mp4 -i /tmp/logo_e0f8e2ac-856f-4340-b1f3-c9adbfe05af5.png -filter_complex [1:v]scale=100:-1[logo];[0:v][logo]overlay=W-w-20:20 -c:a copy -y /tmp/video_with_logo_e0f8e2ac-856f-4340-b1f3-c9adbfe05af5.mp4
2025-08-12 06:14:03,069 - __main__ - INFO - FFmpeg logo overlay completed successfully: /tmp/video_with_logo_e0f8e2ac-856f-4340-b1f3-c9adbfe05af5.mp4
2025-08-12 06:14:03,072 - __main__ - INFO - Logo overlay completed, final URL: http://localhost:8000/files/video_with_logo_e0f8e2ac-856f-4340-b1f3-c9adbfe05af5.mp4
2025-08-12 06:14:03,072 - __main__ - INFO - Video with logo ready: http://localhost:8000/files/video_with_logo_e0f8e2ac-856f-4340-b1f3-c9adbfe05af5.mp4
2025-08-12 06:14:03,072 - __main__ - INFO - Removed logo file after overlay: /tmp/logo_e0f8e2ac-856f-4340-b1f3-c9adbfe05af5.png
2025-08-12 06:14:03,073 - __main__ - INFO - Cleaning up temporary files for task: e0f8e2ac-856f-4340-b1f3-c9adbfe05af5
2025-08-12 06:14:03,073 - __main__ - INFO - No temporary audio file to clean up
2025-08-12 06:14:03,073 - __main__ - INFO - Task e0f8e2ac-856f-4340-b1f3-c9adbfe05af5 completed, result_url: http://localhost:8000/files/video_with_logo_e0f8e2ac-856f-4340-b1f3-c9adbfe05af5.mp4
2025-08-12 06:14:03,073 - __main__ - INFO - Task e0f8e2ac-856f-4340-b1f3-c9adbfe05af5 removed from memory
2025-08-12 06:14:03,073 - __main__ - INFO - Returning status for task e0f8e2ac-856f-4340-b1f3-c9adbfe05af5: {'task_id': 'e0f8e2ac-856f-4340-b1f3-c9adbfe05af5', 'status': 'completed', 'result_url': 'http://localhost:8000/files/video_with_logo_e0f8e2ac-856f-4340-b1f3-c9adbfe05af5.mp4'}
2025-08-12 06:14:04,193 - __main__ - INFO - File request: video_with_logo_e0f8e2ac-856f-4340-b1f3-c9adbfe05af5.mp4
2025-08-12 06:14:04,193 - __main__ - INFO - Serving file: videos/video_with_logo_e0f8e2ac-856f-4340-b1f3-c9adbfe05af5.mp4
2025-08-12 06:16:05,732 - __main__ - INFO - Received create-video request
2025-08-12 06:16:05,733 - __main__ - INFO - Script length: 131
2025-08-12 06:16:05,733 - __main__ - INFO - Video type: durov
2025-08-12 06:16:05,733 - __main__ - INFO - Logo provided: True
2025-08-12 06:16:05,733 - __main__ - INFO - Logo filename: Logo.png
2025-08-12 06:16:05,733 - __main__ - INFO - Logo content type: image/png
2025-08-12 06:16:05,733 - __main__ - INFO - Logo size: 197144
2025-08-12 06:16:05,733 - __main__ - INFO - Creating video task - video_type: durov, script_length: 131
2025-08-12 06:16:05,733 - __main__ - INFO - Script content: 'Every day, we learn something new, grow stronger, and move closer to our dreams, turning challenges into opportunities for success.'
2025-08-12 06:16:05,733 - __main__ - INFO - Generated task_id: 06fd2da1-5809-4935-ba74-476ace2d7374
2025-08-12 06:16:05,733 - __main__ - INFO - Saving logo to: /tmp/logo_06fd2da1-5809-4935-ba74-476ace2d7374.png
2025-08-12 06:16:05,733 - __main__ - INFO - Read logo content, size: 197144 bytes
2025-08-12 06:16:05,734 - __main__ - INFO - Logo saved successfully to: /tmp/logo_06fd2da1-5809-4935-ba74-476ace2d7374.png
2025-08-12 06:16:05,734 - __main__ - INFO - Logo file verified: /tmp/logo_06fd2da1-5809-4935-ba74-476ace2d7374.png, size: 197144 bytes
2025-08-12 06:16:05,734 - __main__ - INFO - Created video task: 06fd2da1-5809-4935-ba74-476ace2d7374
2025-08-12 06:16:05,734 - __main__ - INFO - Started background video generation for task: 06fd2da1-5809-4935-ba74-476ace2d7374
2025-08-12 06:16:05,735 - __main__ - INFO - Starting video generation for task: 06fd2da1-5809-4935-ba74-476ace2d7374
2025-08-12 06:16:05,735 - __main__ - INFO - Task details - video_type: durov, script_length: 131
2025-08-12 06:16:05,735 - __main__ - INFO - Looking for video file: videos/durov.mov
2025-08-12 06:16:05,735 - __main__ - INFO - Video file found: videos/durov.mov
2025-08-12 06:16:05,735 - __main__ - INFO - Generating audio from text using gTTS for task: 06fd2da1-5809-4935-ba74-476ace2d7374
2025-08-12 06:16:05,736 - __main__ - INFO - Generating audio with Sync.so TTS, text: 'Every day, we learn something new, grow stronger, and move closer to our dreams, turning challenges into opportunities for success.', length: 131
2025-08-12 06:16:05,736 - __main__ - INFO - Creating TTS generation with Sync.so
2025-08-12 06:16:05,736 - __main__ - INFO - Generating audio with gTTS...
2025-08-12 06:16:05,736 - __main__ - INFO - Generating audio from text, length: 131
2025-08-12 06:16:05,736 - __main__ - INFO - Text content: 'Every day, we learn something new, grow stronger, and move closer to our dreams, turning challenges into opportunities for success.'
2025-08-12 06:16:05,736 - __main__ - INFO - Creating gTTS object for English language
2025-08-12 06:16:05,737 - __main__ - INFO - Converting text to audio bytes
2025-08-12 06:16:08,831 - __main__ - INFO - Audio generation successful, size: 86400 bytes
2025-08-12 06:16:08,831 - __main__ - INFO - Audio generated and saved to: videos/audio_06fd2da1-5809-4935-ba74-476ace2d7374.wav
2025-08-12 06:16:08,832 - __main__ - INFO - Using Dropbox audio URL for Sync.so: https://www.dropbox.com/scl/fi/f9samle47tlaf7y57nulm/audio_db970762-a76f-4960-85a3-a2aa58be75a1.wav?rlkey=uhj5k7u7bv8szcl0xqwxzipf3&st=eobuzbne&raw=1
2025-08-12 06:16:08,832 - __main__ - INFO - Audio generated successfully: https://www.dropbox.com/scl/fi/f9samle47tlaf7y57nulm/audio_db970762-a76f-4960-85a3-a2aa58be75a1.wav?rlkey=uhj5k7u7bv8szcl0xqwxzipf3&st=eobuzbne&raw=1
2025-08-12 06:16:08,832 - __main__ - INFO - Using public video URL for Sync.so...
2025-08-12 06:16:08,832 - __main__ - INFO - Using public video URL: https://www.dropbox.com/scl/fi/5504cmeeq6wlh0gm1vnd3/durov.mov?rlkey=5p8d8kwfn6k1a6ebl0uuodpm8&st=ri5d9e4j&raw=1
2025-08-12 06:16:08,832 - __main__ - INFO - Video URL: https://www.dropbox.com/scl/fi/5504cmeeq6wlh0gm1vnd3/durov.mov?rlkey=5p8d8kwfn6k1a6ebl0uuodpm8&st=ri5d9e4j&raw=1
2025-08-12 06:16:08,832 - __main__ - INFO - Audio URL: https://www.dropbox.com/scl/fi/f9samle47tlaf7y57nulm/audio_db970762-a76f-4960-85a3-a2aa58be75a1.wav?rlkey=uhj5k7u7bv8szcl0xqwxzipf3&st=eobuzbne&raw=1
2025-08-12 06:16:08,832 - __main__ - INFO - Creating lipsync generation for task: 06fd2da1-5809-4935-ba74-476ace2d7374
2025-08-12 06:16:08,832 - __main__ - INFO - Request data:
2025-08-12 06:16:08,832 - __main__ - INFO -   - Video URL: https://www.dropbox.com/scl/fi/5504cmeeq6wlh0gm1vnd3/durov.mov?rlkey=5p8d8kwfn6k1a6ebl0uuodpm8&st=ri5d9e4j&raw=1
2025-08-12 06:16:08,832 - __main__ - INFO -   - Audio URL: https://www.dropbox.com/scl/fi/f9samle47tlaf7y57nulm/audio_db970762-a76f-4960-85a3-a2aa58be75a1.wav?rlkey=uhj5k7u7bv8szcl0xqwxzipf3&st=eobuzbne&raw=1
2025-08-12 06:16:08,832 - __main__ - INFO -   - Model: lipsync-2
2025-08-12 06:16:08,832 - __main__ - INFO -   - Sync mode: cut_off
2025-08-12 06:16:12,596 - httpx - INFO - HTTP Request: POST https://api.sync.so/v2/generate "HTTP/1.1 201 Created"
2025-08-12 06:16:12,601 - __main__ - INFO - Generation submitted successfully, job id: d2a6023f-8d63-46dc-9568-b613fdbe1119
2025-08-12 06:16:12,602 - __main__ - INFO - Starting monitoring for task: 06fd2da1-5809-4935-ba74-476ace2d7374, job: d2a6023f-8d63-46dc-9568-b613fdbe1119
2025-08-12 06:16:13,197 - httpx - INFO - HTTP Request: GET https://api.sync.so/v2/generate/d2a6023f-8d63-46dc-9568-b613fdbe1119 "HTTP/1.1 200 OK"
2025-08-12 06:16:13,202 - __main__ - INFO - Generation d2a6023f-8d63-46dc-9568-b613fdbe1119 status: PROCESSING
2025-08-12 06:16:13,203 - __main__ - INFO - Status request for task: 06fd2da1-5809-4935-ba74-476ace2d7374
2025-08-12 06:16:13,203 - __main__ - INFO - Task 06fd2da1-5809-4935-ba74-476ace2d7374 current status: processing
2025-08-12 06:16:24,260 - httpx - INFO - HTTP Request: GET https://api.sync.so/v2/generate/d2a6023f-8d63-46dc-9568-b613fdbe1119 "HTTP/1.1 200 OK"
2025-08-12 06:16:24,265 - __main__ - INFO - Generation d2a6023f-8d63-46dc-9568-b613fdbe1119 status: PROCESSING
2025-08-12 06:16:35,461 - httpx - INFO - HTTP Request: GET https://api.sync.so/v2/generate/d2a6023f-8d63-46dc-9568-b613fdbe1119 "HTTP/1.1 200 OK"
2025-08-12 06:16:35,464 - __main__ - INFO - Generation d2a6023f-8d63-46dc-9568-b613fdbe1119 status: PROCESSING
2025-08-12 06:16:46,680 - httpx - INFO - HTTP Request: GET https://api.sync.so/v2/generate/d2a6023f-8d63-46dc-9568-b613fdbe1119 "HTTP/1.1 200 OK"
2025-08-12 06:16:46,685 - __main__ - INFO - Generation d2a6023f-8d63-46dc-9568-b613fdbe1119 status: PROCESSING
2025-08-12 06:16:46,685 - __main__ - INFO - Returning status for task 06fd2da1-5809-4935-ba74-476ace2d7374: {'task_id': '06fd2da1-5809-4935-ba74-476ace2d7374', 'status': 'processing'}
2025-08-12 06:16:51,694 - __main__ - INFO - Status request for task: 06fd2da1-5809-4935-ba74-476ace2d7374
2025-08-12 06:16:51,694 - __main__ - INFO - Task 06fd2da1-5809-4935-ba74-476ace2d7374 current status: processing
2025-08-12 06:16:58,101 - httpx - INFO - HTTP Request: GET https://api.sync.so/v2/generate/d2a6023f-8d63-46dc-9568-b613fdbe1119 "HTTP/1.1 200 OK"
2025-08-12 06:16:58,104 - __main__ - INFO - Generation d2a6023f-8d63-46dc-9568-b613fdbe1119 status: PROCESSING
2025-08-12 06:17:09,232 - httpx - INFO - HTTP Request: GET https://api.sync.so/v2/generate/d2a6023f-8d63-46dc-9568-b613fdbe1119 "HTTP/1.1 200 OK"
2025-08-12 06:17:09,235 - __main__ - INFO - Generation d2a6023f-8d63-46dc-9568-b613fdbe1119 status: PROCESSING
2025-08-12 06:17:20,919 - httpx - INFO - HTTP Request: GET https://api.sync.so/v2/generate/d2a6023f-8d63-46dc-9568-b613fdbe1119 "HTTP/1.1 200 OK"
2025-08-12 06:17:20,921 - __main__ - INFO - Generation d2a6023f-8d63-46dc-9568-b613fdbe1119 status: PROCESSING
2025-08-12 06:17:25,929 - __main__ - INFO - Returning status for task 06fd2da1-5809-4935-ba74-476ace2d7374: {'task_id': '06fd2da1-5809-4935-ba74-476ace2d7374', 'status': 'processing'}
2025-08-12 06:17:32,069 - httpx - INFO - HTTP Request: GET https://api.sync.so/v2/generate/d2a6023f-8d63-46dc-9568-b613fdbe1119 "HTTP/1.1 200 OK"
2025-08-12 06:17:32,070 - __main__ - INFO - Generation d2a6023f-8d63-46dc-9568-b613fdbe1119 status: PROCESSING
2025-08-12 06:17:32,071 - __main__ - INFO - Status request for task: 06fd2da1-5809-4935-ba74-476ace2d7374
2025-08-12 06:17:32,071 - __main__ - INFO - Task 06fd2da1-5809-4935-ba74-476ace2d7374 current status: processing
2025-08-12 06:17:43,305 - httpx - INFO - HTTP Request: GET https://api.sync.so/v2/generate/d2a6023f-8d63-46dc-9568-b613fdbe1119 "HTTP/1.1 200 OK"
2025-08-12 06:17:43,309 - __main__ - INFO - Generation d2a6023f-8d63-46dc-9568-b613fdbe1119 status: PROCESSING
2025-08-12 06:17:54,367 - httpx - INFO - HTTP Request: GET https://api.sync.so/v2/generate/d2a6023f-8d63-46dc-9568-b613fdbe1119 "HTTP/1.1 200 OK"
2025-08-12 06:17:54,371 - __main__ - INFO - Generation d2a6023f-8d63-46dc-9568-b613fdbe1119 status: PROCESSING
2025-08-12 06:18:05,531 - httpx - INFO - HTTP Request: GET https://api.sync.so/v2/generate/d2a6023f-8d63-46dc-9568-b613fdbe1119 "HTTP/1.1 200 OK"
2025-08-12 06:18:05,535 - __main__ - INFO - Generation d2a6023f-8d63-46dc-9568-b613fdbe1119 status: PROCESSING
2025-08-12 06:18:05,535 - __main__ - INFO - Returning status for task 06fd2da1-5809-4935-ba74-476ace2d7374: {'task_id': '06fd2da1-5809-4935-ba74-476ace2d7374', 'status': 'processing'}
2025-08-12 06:18:10,544 - __main__ - INFO - Status request for task: 06fd2da1-5809-4935-ba74-476ace2d7374
2025-08-12 06:18:10,545 - __main__ - INFO - Task 06fd2da1-5809-4935-ba74-476ace2d7374 current status: processing
2025-08-12 06:18:16,644 - httpx - INFO - HTTP Request: GET https://api.sync.so/v2/generate/d2a6023f-8d63-46dc-9568-b613fdbe1119 "HTTP/1.1 200 OK"
2025-08-12 06:18:16,646 - __main__ - INFO - Generation d2a6023f-8d63-46dc-9568-b613fdbe1119 status: PROCESSING
2025-08-12 06:18:27,868 - httpx - INFO - HTTP Request: GET https://api.sync.so/v2/generate/d2a6023f-8d63-46dc-9568-b613fdbe1119 "HTTP/1.1 200 OK"
2025-08-12 06:18:27,875 - __main__ - INFO - Generation d2a6023f-8d63-46dc-9568-b613fdbe1119 status: COMPLETED
2025-08-12 06:18:27,875 - __main__ - INFO - Task 06fd2da1-5809-4935-ba74-476ace2d7374 completed successfully, output_url: https://api.sync.so/v2/generations/d2a6023f-8d63-46dc-9568-b613fdbe1119/result?token=4b7deb47-e200-46d2-bc71-038e12077e65
2025-08-12 06:18:27,876 - __main__ - INFO - === Checking for logo overlay ===
2025-08-12 06:18:27,876 - __main__ - INFO - Video task logo path: /tmp/logo_06fd2da1-5809-4935-ba74-476ace2d7374.png
2025-08-12 06:18:27,876 - __main__ - INFO - Logo path exists: /tmp/logo_06fd2da1-5809-4935-ba74-476ace2d7374.png
2025-08-12 06:18:27,876 - __main__ - INFO - Logo file exists and has size: 197144 bytes
2025-08-12 06:18:27,876 - __main__ - INFO - Adding logo to video for task: 06fd2da1-5809-4935-ba74-476ace2d7374
2025-08-12 06:18:27,877 - __main__ - INFO - === Starting logo overlay process ===
2025-08-12 06:18:27,877 - __main__ - INFO - Task ID: 06fd2da1-5809-4935-ba74-476ace2d7374
2025-08-12 06:18:27,877 - __main__ - INFO - Video URL: https://api.sync.so/v2/generations/d2a6023f-8d63-46dc-9568-b613fdbe1119/result?token=4b7deb47-e200-46d2-bc71-038e12077e65
2025-08-12 06:18:27,877 - __main__ - INFO - Logo path: /tmp/logo_06fd2da1-5809-4935-ba74-476ace2d7374.png
2025-08-12 06:18:27,877 - __main__ - INFO - Logo file exists: True
2025-08-12 06:18:27,877 - __main__ - INFO - Logo file size: 197144 bytes
2025-08-12 06:18:28,642 - httpx - INFO - HTTP Request: GET https://api.sync.so/v2/generations/d2a6023f-8d63-46dc-9568-b613fdbe1119/result?token=4b7deb47-e200-46d2-bc71-038e12077e65 "HTTP/1.1 302 Found"
2025-08-12 06:18:29,552 - httpx - INFO - HTTP Request: GET https://private-sync-user-generations-v2.s3.amazonaws.com/generations/1b839c7c-abae-4a67-8446-7dd41f2aa0bb/d2a6023f-8d63-46dc-9568-b613fdbe1119_stitcher/result.mp4 "HTTP/1.1 200 OK"
2025-08-12 06:18:31,305 - __main__ - INFO - Response content type: video/mp4
2025-08-12 06:18:31,311 - __main__ - INFO - Video saved to: /tmp/video_06fd2da1-5809-4935-ba74-476ace2d7374.mp4
2025-08-12 06:18:31,312 - __main__ - INFO - Video size: 7109567 bytes
2025-08-12 06:18:31,312 - __main__ - INFO - Video file verified: /tmp/video_06fd2da1-5809-4935-ba74-476ace2d7374.mp4, size: 7109567 bytes
2025-08-12 06:18:31,314 - __main__ - ERROR - MoviePy not available, falling back to ffmpeg
2025-08-12 06:18:31,315 - __main__ - INFO - Falling back to ffmpeg for logo overlay
2025-08-12 06:18:31,315 - __main__ - INFO - Running ffmpeg command: ffmpeg -i /tmp/video_06fd2da1-5809-4935-ba74-476ace2d7374.mp4 -i /tmp/logo_06fd2da1-5809-4935-ba74-476ace2d7374.png -filter_complex [1:v]scale=100:-1[logo];[0:v][logo]overlay=W-w-20:20 -c:a copy -y /tmp/video_with_logo_06fd2da1-5809-4935-ba74-476ace2d7374.mp4
2025-08-12 06:18:48,640 - __main__ - INFO - FFmpeg logo overlay completed successfully: /tmp/video_with_logo_06fd2da1-5809-4935-ba74-476ace2d7374.mp4
2025-08-12 06:18:48,647 - __main__ - INFO - Logo overlay completed, final URL: http://localhost:8000/files/video_with_logo_06fd2da1-5809-4935-ba74-476ace2d7374.mp4
2025-08-12 06:18:48,647 - __main__ - INFO - Video with logo ready: http://localhost:8000/files/video_with_logo_06fd2da1-5809-4935-ba74-476ace2d7374.mp4
2025-08-12 06:18:48,648 - __main__ - INFO - Removed logo file after overlay: /tmp/logo_06fd2da1-5809-4935-ba74-476ace2d7374.png
2025-08-12 06:18:48,648 - __main__ - INFO - Cleaning up temporary files for task: 06fd2da1-5809-4935-ba74-476ace2d7374
2025-08-12 06:18:48,649 - __main__ - INFO - No temporary audio file to clean up
2025-08-12 06:18:48,651 - __main__ - INFO - Task 06fd2da1-5809-4935-ba74-476ace2d7374 completed, result_url: http://localhost:8000/files/video_with_logo_06fd2da1-5809-4935-ba74-476ace2d7374.mp4
2025-08-12 06:18:48,651 - __main__ - INFO - Task 06fd2da1-5809-4935-ba74-476ace2d7374 removed from memory
2025-08-12 06:18:48,652 - __main__ - INFO - Returning status for task 06fd2da1-5809-4935-ba74-476ace2d7374: {'task_id': '06fd2da1-5809-4935-ba74-476ace2d7374', 'status': 'completed', 'result_url': 'http://localhost:8000/files/video_with_logo_06fd2da1-5809-4935-ba74-476ace2d7374.mp4'}
2025-08-12 06:18:50,153 - __main__ - INFO - File request: video_with_logo_06fd2da1-5809-4935-ba74-476ace2d7374.mp4
2025-08-12 06:18:50,179 - __main__ - INFO - Serving file: videos/video_with_logo_06fd2da1-5809-4935-ba74-476ace2d7374.mp4
